Sentence #,Word,Tag
Sentence 1,Andhra,B-loc
,High Court,B-court
,.,O
Sentence 2,Channala,B-per
,Ramachandra,B-per
,Rao,B-per
,vs,O
,State,O
,Of,O
,A.P.,O
Sentence 3,And,O
,Others,O
,on,O
,25,O
,"February,",O
,2000Equivalent,O
,citations:,O
,2000,O
,(2),O
,ALD,O
,"652,",O
,2000,O
,(2),O
,ALT,O
,655,O
,.,O
Sentence 4,Bench:,O
,V,B-per
,Rao,B-per
,ORDER,B-order
,Political,O
,Justice,O
,is,O
,a,O
,preambular,O
,promise,O
,of,O
,the,O
,Constitution,O
,of,O
,India,O
,.,O
Sentence 5,"""We,",O
,the,O
,people,O
,of,O
,"India""",O
,shall,O
,redeem,O
,the,O
,promise,O
,of,O
,'political,O
,justice',O
,is,O
,the,O
,underlying,O
,theme,O
,of,O
,the,O
,Constitution,O
,(Seventy,O
,Fourth,O
,Amendment),O
,"Act,",O
,1992,O
,.,O
Sentence 6,The,O
,apprehension,O
,of,O
,the,O
,petitioners,O
,in,O
,this,O
,Batch,O
,of,O
,cases,O
,is,O
,that,O
,while,O
,attempting,O
,to,O
,achieve,O
,political,O
,"justice,",O
,guaranteed,O
,right,O
,to,O
,'equal,O
,protection,O
,of,O
,laws',O
,another,O
,preambular,O
,promise,O
,is,O
,ignored,O
,.,O
Sentence 7,A,O
,deeper,O
,curial,O
,look,O
,is,O
,called,O
,for,O
,.,O
Sentence 8,On,O
,the,O
,eve,O
,of,O
,elections:,O
,to,O
,a,O
,century,O
,and,O
,odd,O
,urban,O
,local,O
,bodies-Nagar,O
,"Panchayats,",B-org
,Municipalities,B-org
,and,O
,Municipal,B-org
,Corporations,B-org
,in,O
,the,O
,State,O
,of,O
,Andhra,B-loc
,"Pradesh,",B-loc
,.,O
Sentence 9,all,O
,questions,O
,raised,O
,and,O
,all,O
,issues,O
,involved,O
,in,O
,these,O
,cases,O
,are,O
,the,O
,same,O
,and,O
,hence,O
,are,O
,being,O
,disposed,O
,of,O
,by,O
,this,O
,common,O
,"judgment,",B-judge
,at,O
,the,O
,stage,O
,of,O
,admission,O
,with,O
,the,O
,consent,O
,of,O
,the,O
,learned,O
,Counsel,O
,for,O
,the,O
,petitioners,O
,and,O
,the,O
,respondents,O
,.,O
Sentence 10,Reservation,O
,of,O
,seats,O
,in,O
,Educational,O
,"Institutions,",O
,reservation,O
,of,O
,civil,O
,posts,O
,and,O
,quasi-Government,O
,posts,O
,and,O
,reservation,O
,of,O
,seats,O
,in,O
,legislative,O
,"bodies,",O
,local,O
,bodies,O
,are,O
,matters,O
,of,O
,political,O
,expediency,O
,and,O
,executive,O
,policy,O
,mainly,O
,due,
,to,O
,Directive,O
,Principles,O
,of,O
,State,O
,Policy,O
,and,O
,other,O
,mandatory,O
,provisions,O
,of,O
,the,O
,Constitution,O
,.,O
Sentence 11,When,O
,questions,O
,of,
,"rationality,",O
,legality,O
,and,O
,constitutionality,O
,are,O
,raised,O
,before,O
,the,O
,"Courts,",B-court
,'judicial,O
,process',O
,becomes,O
,complex,O
,.,O
Sentence 12,All,O
,the,O
,"same,",O
,principles,O
,of,O
,Administrative,O
,Law,O
,alone,O
,are,O
,applied,O
,for,O
,resolving,O
,the,O
,constitutional,O
,issues,O
,(see,O
,judgment,O
,of,O
,"Scnvant,",O
,"J.,",O
,in,O
,S. R.,B-per
Sentence 13,Bommai,B-per
,vs,O
,Union,O
,of,O
,"India,",B-loc
,),O
,.,O
Sentence 14,But,O
,by,O
,the,O
,very,O
,nature,O
,of,O
,the,O
,socio-politico,O
,and,O
,economic,O
,nature,O
,of,O
,the,O
,"debate,",O
,they,O
,are,O
,bound,O
,to,O
,be,O
,various,O
,divergent,O
,views,O
,.,O
Sentence 15,In,O
,this,O
,"context,",O
,the,O
,observations,O
,of,O
,the,O
,Hon'blc,O
,Sri,O
,Justice,O
,B.P.,B-per
,Jeevan,B-per
,Reddy,B-per
,in,O
,Indra,B-per
,Sawhney,B-per
,v.,O
,Union,O
,of,O
,"India,",O
,",",O
,are,O
,apposite,O
,.,
,"""",O
Sentence 16,The,O
,questions,O
,arising,O
,herein,O
,are,O
,not,O
,only,O
,of,O
,great,O
,moment,O
,and,O
,"consequence,",O
,they,O
,are,O
,also,O
,extremely,O
,delicate,O
,and,O
,sensitive,O
,.,O
Sentence 17,They,O
,represent,O
,complex,O
,problems,O
,of,O
,Indian,O
,Society;,O
,wrapped,O
,and,O
,presented,O
,to,O
,us,O
,as,O
,constitutional,O
,and,O
,legal,O
,"questions,",O
,the,O
,decisions,B-dec
,of,O
,this,O
,Court,B-court
,have,O
,not,O
,been,O
,uniform,O
,.,O
Sentence 18,They,O
,speak,O
,with,O
,more,O
,than,O
,one,O
,voice,O
,.,O
Sentence 19,Several,O
,opposing,O
,points,O
,of,O
,view,O
,have,O
,been,O
,pressed,O
,upon,O
,us,O
,with,O
,equal,O
,force,O
,and,O
,passion,O
,and,O
,quite,O
,often,O
,with,O
,great,O
,emotion,O
,.,O
Sentence 20,We,O
,recognise,O
,that,O
,these,O
,viewpoints,O
,are,O
,held,O
,genuinely,O
,by,O
,the,O
,respective,O
,exponents,O
,.,O
Sentence 21,Each,O
,of,O
,them,O
,feels,O
,his,O
,own,O
,point,O
,of,O
,view,O
,is,O
,the,O
,only,O
,right,O
,one,O
,.,O
Sentence 22,We,O
,"cannot,",O
,"however,",O
,agree,O
,with,O
,all,O
,of,O
,them,O
,.,O
Sentence 23,We,O
,have,O
,to,O
,go,O
,find,
,"answers,",O
,which,O
,according,O
,to,O
,us,O
,are,O
,.,O
Sentence 24,the,O
,right,O
,ones,O
,constitutionally,O
,and,O
,legally,O
,.,O
Sentence 25,"""",O
,At,O
,the,O
,"outset,",O
,be,O
,it,O
,noted,O
,that,O
,in,O
,these,O
,matters,O
,the,O
,constitutional,O
,"validity,",O
,vires,O
,and,O
,scope,O
,of,O
,various,O
,provisions,O
,of,O
,the,O
,"Constitution,",O
,various,O
,A.P.,O
,State,O
,Legislative,O
,enactments,O
,as,O
,well,O
,as,O
,statutory,O
,rules,O
,framed,O
,thereunder,O
,and,O
,legality,O
,of,O
,the,O
,policy,O
,of,O
,the,O
,Government,O
,in,O
,reserving,O
,the,O
,offices,O
,of,O
,"Chairpersons,",O
,Mayors,O
,and,O
,wards,O
,(seats),O
,in,O
,Municipalities,B-org
,and,O
,Municipal,B-org
,Corporations,B-org
,in,O
,the,O
,State,O
,of,O
,Andhra,B-loc
,"Pradesh,",B-loc
,arise,O
,for,O
,consideration,O
,.,O
Sentence 26,The,O
,various,O
,enactments,O
,to,O
,which,O
,a,O
,repeated,O
,reference,O
,is,O
,made,O
,in,O
,the,O
,course,O
,of,O
,the,O
,judgment,B-judge
,"are,",O
,Hyderabad,B-loc
,Municipal,O
,Corporation,O
,"Act,",B-act
,1955,year
,(HMC,O
,"Act,",O
,for,O
,"brevity),",O
,A.P.,O
,Municipalities,O
,"Act,",O
,1965,O
,(the,O
,"Act,",O
,for,O
,"brevity),",O
,The,O
,Visakhapatnam,B-loc
,Municipal,B-org
,Corporation,B-org
,"Act,",B-act
,1979,O
,(Vizag,O
,"Act,",B-act
,for,O
,"brevity),",O
,the,O
,Vijayawada,B-loc
,Municipal,B-org
,Corporation,B-org
,"Act,",B-act
,1981,O
,(The,O
,VMC,O
,"Act,",B-act
,for,O
,brevity),O
,and,O
,the,O
,A,O
,Municipal,B-org
,Corporation,B-org
,"Act,",O
,1994,O
,(Corporations,O
,"Act,",O
,for,O
,brevity),O
,.,O
Sentence 27,The,O
,relevant,O
,rules,O
,are,O
,A,O
,Municipalities,B-org
,(Reservation,O
,of,O
,Offices,O
,of,O
,Chairpersons,O
,in,O
,Municipal,B-org
,Councils,O
,&,O
,Nagar,B-org
,Panchayats),B-org
,"Rules,",O
,1995,O
,(Chairperson,O
,"rules,",O
,for,O
,"brevity),",O
,The,O
,A,O
,Municipalities,B-org
,(Reservation,O
,of,O
,seats,O
,in,O
,Municipal,B-org
,Councils,O
,and,O
,Nagar,B-org
,Panchayats),B-org
,"Rules,",O
,1995,O
,(the,O
,Ward,O
,Rules,O
,for,O
,"brevity),",O
,A,O
,.,O
,P,O
,.,O
,Municipal,B-org
,Corporations,B-org
,(Reservation,O
,of,O
,Offices,O
,of,O
,Mayors),O
,"Rules,",O
,1995,O
,(Mayor,O
,Rules,O
,for,O
,"brevity),",O
,A,O
,.,O
,P,O
,.,O
,Municipal,B-org
,Corporations,B-org
,(Reservation,O
,ofSeats),O
,"Rules,",O
,1995,O
,(Corporation,O
,Ward,O
,Rules,O
,for,O
,brevity),O
,Pleadings,O
,The,O
,pleadings,O
,in,O
,these,O
,writ,O
,petitions,O
,need,O
,to,O
,be,O
,summarised,O
,first,O
,.,O
Sentence 28,In,O
,Writ,O
,Petition,O
,No,O
,.,O
,955,O
,of,O
,"2000,",O
,the,O
,petitioner,O
,is,O
,a,O
,resident,O
,and,O
,registered,O
,voter,O
,of,O
,Jaggaiahpet,B-loc
,Nagar,B-org
,Panchayat,B-org
,.,O
Sentence 29,He,O
,desires,O
,to,O
,contest,O
,for,O
,the,O
,post,O
,of,O
,Chairperson,O
,of,O
,the,O
,Nagar,B-org
,Panchayat,B-org
,in,O
,the,O
,ensuing,O
,elections,O
,.,O
Sentence 30,In,O
,this,O
,writ,O
,"petition,",O
,he,O
,prayed,O
,for,O
,an,O
,appropriate,O
,writ,O
,in,O
,the,O
,nature,O
,of,O
,mandamus,O
,declaring,O
,that,O
,the,O
,reservation,O
,of,O
,the,O
,office,O
,of,O
,Chairperson,O
,of,O
,Nagar,B-org
,Panchayat,B-org
,in,O
,favour,O
,of,O
,backward,O
,class,O
,candidate,O
,on,O
,the,O
,basis,O
,of,O
,the,O
,population,O
,figures,O
,gathered,O
,by,O
,A.P.,O
,Backward,O
,Classes,O
,Co-operative,O
,Finance,O
,Corporation,O
,Ltd,O
,.,O
,",",O
,(hereafter,O
,called,O
,'the,O
,B,O
,.,O
,C,O
,.,O
,Corporation),O
,and,O
,projected,O
,through,O
,Bureau,O
,of,O
,Economics,O
,and,O
,Statistics,O
,without,O
,following,O
,the,O
,mandate,O
,given,O
,by,O
,the,O
,Full,O
,Bench,O
,in,O
,Satyanarayana,B-per
,Reddy,B-per
,v,O
,.,O
,State,O
,of,O
,A,O
,.,O
,P,O
,.,O
,",",O
,1987,O
,(1),O
,ALT,O
,665,O
,is,O
,"unjust,",O
,arbitrary,O
,and,O
,violative,O
,of,O
,Article,O
,14,O
,of,O
,the,O
,Constitution,O
,and,O
,for,O
,a,O
,further,O
,declaration,O
,that,O
,the,O
,election,O
,to,OO
,be,O
,held,O
,to,O
,the,O
,post,O
,of,O
,Chairperson,O
,of,O
,Jaggaiahpet,B-loc
,Nagar,B-loc
,Panchayat,B-org
,is,O
,void,O
,.,O
Sentence 31,In,O
,this,O
,writ,O
,"petition,",O
,the,O
,Government,O
,of,O
,Andhra,B-loc
,Pradesh,B-loc
,and,O
,the,O
,State,O
,Election,O
,Commission,O
,are,O
,arrayed,O
,as,O
,respondents,O
,I,O
,and,O
,4,O
,respectively,O
,.,O
Sentence 32,The,O
,other,O
,respondents,O
,are,O
,the,O
,Election,O
,Authority-cum-Commissioner,O
,of,O
,Jaggaiahpet,B-loc
,Nagar,B-org
,Panchayat,B-org
,(respondent,O
,No,O
,.,O
,"2),",O
,the,O
,District,O
,"Collector,",O
,Krishna,B-per
,(respondent,O
,No.3),O
,and,O
,Union,O
,of,O
,India,B-loc
,(respondent,O
,No.5),O
Sentence 33,The,O
,main,O
,contention,O
,in,O
,the,O
,affidavit,O
,is,O
,that,O
,pursuant,O
,to,O
,insertion,O
,of,O
,Article,O
,243-T,O
,in,O
,the,O
,"Constitution,",O
,Section,O
,23,O
,was,O
,amended,O
,in,O
,the,O
,Act,B-act
,.,O
Sentence 34,This,O
,provision,O
,provided,O
,reservation,O
,of,O
,seats,O
,in,O
,favour,O
,of,O
,Scheduled,O
,"Castes,",O
,Scheduled,O
,"Tribes,",O
,Backward,O
,Classes,O
,and,O
,women,O
,.,O
Sentence 35,Respondent,O
,No.4,O
,reserved,O
,the,O
,post,O
,of,O
,Chairperson,O
,of,O
,Jaggaiahpet,B-loc
,Nagar,B-loc
,Panchayat,O
,in,O
,favour,O
,of,O
,backward,O
,class,O
,citizens,O
,without,O
,any,O
,data,O
,or,O
,material,o
,though,O
,backward,O
,classes,O
,do,O
,not,O
,constitute,O
,25%,B-percent
,of,O
,the,O
,total,O
,population,O
,of,O
,Jaggaiahpet,B-loc
,Nagar,B-org
,Panchayat,B-org
,.,O
Sentence 36,The,O
,respondents,O
,relying,O
,on,O
,the,O
,figures,O
,collected,O
,by,O
,the,O
,B,O
,.,O
,C,O
,.,O
,"Corporation,",O
,as,O
,projected,O
,by,O
,Bureau,O
,of,O
,Economics,O
,and,O
,Statistics,O
,have,O
,reserved,O
,the,O
,office,O
,of,O
,"Chairperson,",O
,of,O
,Jaggaiahpet,B-loc
,Nagar,B-org
,Panchayat,B-org
,in,O
,favour,O
,of,O
,backward,O
,classes,O
,as,O
,published,O
,in,O
,the,O
,daily,O
,newspapers,O
,.,O
Sentence 37,The,O
,population,O
,figures,O
,collected,O
,in,O
,the,O
,survey,O
,conducted,O
,by,O
,the,O
,B,O
,.,O
,C,O
,.,O
,Corporation,O
,do,O
,not,O
,furnish,O
,the,O
,correct,O
,figures,O
,and,O
,in,O
,fact,O
,the,O
,survey,O
,was,O
,not,O
,conducted,O
,on,O
,a,O
,scientific,O
,basis,O
,.,O
Sentence 38,The,O
,figures,O
,were,O
,inflated,O
,.,O
Sentence 39,According,O
,to,O
,the,O
,"petitioner,",O
,in,O
,Salyanarayana,B-per
,Reddy,O
,case,O
,"(supra),",O
,the,O
,Full,O
,Bench,O
,has,O
,laid,O
,down,O
,that,O
,if,O
,the,O
,survey,O
,conducted,O
,by,O
,the,O
,B,O
,.,O
,C,O
,.,O
,Corporation,O
,is,O
,to,O
,be,O
,made,O
,"basis,",O
,it,O
,can,O
,only,O
,be,O
,done,O
,after,O
,publication,O
,of,O
,the,O
,survey,O
,"results,",O
,inviting,O
,objections,O
,and,O
,considering,O
,the,O
,same,O
,and,O
,then,O
,publishing,O
,the,O
,population,O
,figures,O
,finally,O
,.,O
Sentence 40,According,O
,to,O
,the,O
,"petitioner,",O
,the,O
,State,O
,Election,O
,Commission,O
,(hereafter,O
,called,O
,'the,O
,Commission'),O
,has,O
,not,O
,published,O
,the,O
,results,O
,of,O
,the,O
,survey,O
,conducted,O
,by,O
,the,O
,B,O
,.,O
,C,O
,.,O
,Corporation,B-org
,and,O
,that,O
,the,O
,figures,O
,are,O
,not,O
,made,O
,available,O
,to,O
,the,O
,public,O
,for,O
,scrutiny,O
,.,O
Sentence 41,Even,O
,the,O
,final,O
,figures,O
,are,O
,not,O
,published,O
,"and,",O
,"therefore,",O
,adoption,O
,of,O
,the,O
,population,O
,figures,O
,given,O
,by,O
,the,O
,B,O
,.,O
,C,O
,.,O
,Corporation,B-org
,and,O
,projected,O
,by,O
,the,O
,Bureau,O
,of,O
,Economics,O
,and,O
,Statistics,O
,is,O
,contrary,O
,to,O
,the,O
,mandate,O
,of,O
,the,O
,Full,O
,Bench,O
,Respondents,O
,"1,",O
,2,O
,and,O
,4,O
,have,O
,filed,O
,counter,O
,affidavits,O
,.,O
Sentence 42,The,O
,first,O
,"respondent,",O
,in,O
,the,O
,counter,O
,"affidavit,",O
,states,O
,that,O
,the,O
,Government,O
,has,O
,not,O
,issued,O
,notification,O
,relating,O
,to,O
,reservation,O
,of,O
,offices,O
,of,O
,Chairpersons,O
,to,O
,the,O
,Municipalities,B-org
,(as,O
,on,O
,the,O
,date,O
,of,O
,filing,O
,the,O
,writ,O
,petitions),O
,.,O
Sentence 43,According,O
,to,O
,Section,O
,23,O
,of,O
,the,O
,"Act,",B-act
,the,O
,"Government,",O
,by,O
,"notification,",O
,shall,O
,reserve,O
,such,O
,number,O
,of,O
,offices,O
,to,O
,the,O
,Scheduled,O
,"Castes,",O
,Scheduled,O
,"Tribes,",O
,Backward,O
,Classes,O
,and,O
,women,O
,out,O
,of,O
,the,O
,total,O
,number,O
,of,O
,offices,O
,of,O
,Chairpersons,O
,of,O
,the,O
,Municipalities,B-org
,in,O
,the,O
,State,O
,subject,O
,to,O
,such,O
,rules,O
,as,O
,may,O
,be,O
,prescribed,O
,.,O
Sentence 44,In,O
,G,O
,.,O
,O,O
,.,O
,Ms,O
,.,O
,No,O
,.,O
,"36,",O
,Municipal,B-org
,Administration,B-org
,&,O
,Urban,O
,Development,O
,(Elecs,O
,.,O
,II),O
,"Department,",O
,dated,O
,"3-2-1995,",date
,the,O
,Government,O
,has,O
,issued,O
,rules,O
,for,O
,the,O
,manner,O
,of,O
,reserving,O
,offices,O
,of,O
,Chairpersons,O
,to,O
,the,O
,Municipalities,B-org
,.,O
Sentence 45,As,O
,the,O
,Stage,O
,Legislature,O
,expressed,O
,its,O
,intention,O
,to,O
,reserve,O
,the,O
,offices,O
,of,O
,Chairpersons,O
,of,O
,Backward,O
,"Classes,",O
,in,O
,the,O
,absence,O
,of,O
,census,O
,figures,O
,of,O
,Backward,O
,"Classes,",O
,a,O
,mechanism,O
,has,O
,to,O
,be,O
,worked,O
,out,O
,.,O
Sentence 46,to,O
,find,O
,out,O
,the,O
,population,O
,figures,O
,of,O
,backward,O
,Classes,O
,.,O
Sentence 47,"Therefore,",O
,the,O
,rules,O
,relating,O
,to,O
,reservation,O
,to,O
,Backward,O
,Classes,O
,provide,O
,that,O
,for,O
,such,O
,purpose,O
,the,O
,population,O
,figures,O
,of,O
,Backward,O
,Classes,O
,gathered,O
,in,O
,the,O
,socio-economic,O
,survey,O
,conducted,O
,by,O
,the,O
,B,O
,.,O
,C,O
,.,O
,Corporation,O
,duly,O
,projected,O
,to,O
,1-3-1991,date
,should,O
,be,O
,taken,O
,as,O
,the,O
,basis,O
,.,O
Sentence 48,The,O
,B,O
,.,O
,C,O
,.,O
,"Corporation,",O
,during,O
,"1980,",O
,held,O
,socio-economic,O
,survey,O
,for,O
,the,O
,Backward,O
,Classes,O
,and,O
,gathered,O
,population,O
,figures,O
,.,O
Sentence 49,Since,O
,M-3-1991,date
,is,O
,the,O
,qualifying,O
,date,O
,for,O
,1991,O
,"census',",O
,the,O
,Government,O
,decided,O
,to,O
,project,O
,the,O
,1980,O
,survey,O
,figures,O
,to,O
,1-3-1991,date
,and,O
,to,O
,take,O
,them,O
,as,O
,the,O
,basis,O
,.,O
Sentence 50,Adverting,O
,to,O
,the,O
,main,O
,allegation,B-acq
,that,O
,the,O
,directions,O
,issued,O
,by,O
,the,O
,Full,O
,Bench,O
,in,O
,Satyanarayana,B-per
,Reddy,B-per
,case,O
,(supra),O
,have,O
,not,O
,been,O
,"followed,",O
,the,O
,first,O
,respondent,O
,states,O
,that,O
,socio-economic,O
,survey,O
,in,O
,Jaggaiahpet,B-loc
,Nagar,B-org
,Panchayat,B-org
,was,O
,conducted,O
,during,O
,1986,O
,and,O
,the,O
,figure,O
,of,O
,backward,O
,class,O
,population,O
,is,O
,"9,579",O
,and,O
,it,O
,became,O
,"11,202",O
,as,O
,projected,O
,to,O
,1-3-1991,date
,by,O
,the,O
,Bureau,O
,of,O
,Economics,O
,and,O
,Statistics,O
,.,O
Sentence 51,The,O
,first,O
,respondent,O
,further,O
,states,O
,that,O
,the,O
,Government,O
,in,O
,G,O
,.,O
,O,O
,.,O
,Ms,O
,.,O
,No,O
,.,O
,"34,",O
,Municipal,B-org
,Administration,B-org
,&,O
,Urban,O
,Development,O
,(E!ecs,O
,.,O
,II),O
,Department,O
,dated,O
,3-2-1995,date
,issued,O
,guidelines,O
,to,O
,be,O
,followed,O
,by,O
,the,O
,district,O
,Collectors,O
,.,O
Sentence 52,The,O
,District,O
,Collectors,O
,were,O
,directed,O
,to,O
,publish,O
,the,O
,population,O
,"figures,",O
,call,O
,for,O
,objections,O
,and,O
,after,O
,considering,O
,the,O
,"objections,",B-obj
,if,O
,"any,",O
,publish,O
,the,O
,final,O
,figures,O
,in,O
,the,O
,District,O
,Gazette,O
,.,O
Sentence 53,The,O
,District,O
,"Collector,",O
,Krishna,B-loc
,District,O
,published,O
,the,O
,figures,O
,(draft),O
,on,O
,6-2-1995,date
,.,O
Sentence 54,Notification,O
,was,O
,published,O
,on,O
,the,O
,notice,O
,boards,O
,of,O
,the,O
,District,O
,Collector's,O
,"office,",O
,Municipal,B-org
,office,O
,and,O
,local,O
,newspapers,O
,inviting,O
,objections,B-obj
,.,O
Sentence 55,As,O
,no,O
,objections,B-obj
,were,O
,"received,",O
,the,O
,backward,O
,class,O
,population,O
,figures,O
,of,O
,Jaggaiahpet,B-loc
,Nagar,B-org
,Panchayat,B-org
,were,O
,duly,O
,published,O
,in,O
,the,O
,District,O
,Gazette,B-loc
,on,O
,10-2-1995,date
,.,O
Sentence 56,The,O
,first,O
,respondent,O
,also,O
,denied,O
,the,O
,allegation,O
,that,O
,the,O
,office,O
,of,O
,the,O
,Chairperson,O
,was,O
,reserved,O
,for,O
,backward,O
,classes,O
,without,O
,any,O
,basis,O
,.,O
Sentence 57,For,O
,the,O
,purpose,O
,of,O
,reserving,O
,the,O
,offices,O
,of,O
,Chairpersons,O
,in,O
,all,O
,the,O
,"Municipalities,",B-org
,the,O
,entire,O
,State,O
,is,O
,taken,O
,as,O
,a,O
,"unit,",O
,tables,O
,have,O
,been,O
,prepared,O
,showing,O
,the,O
,percentage,O
,of,O
,population,O
,of,O
,various,O
,categories,O
,in,O
,all,O
,the,O
,Municipalities,B-org
,in,O
,descending,O
,order,O
,and,O
,the,O
,reservation,O
,for,O
,various,O
,categories,O
,has,O
,been,O
,made,O
,with,O
,reference,O
,to,O
,required,O
,number,O
,in,O
,proportion,O
,to,O
,the,O
,population,O
,of,O
,that,O
,category,O
,.,O
Sentence 58,As,O
,the,O
,Constitution,O
,mandates,O
,a,O
,term,O
,of,O
,five,O
,years,O
,for,O
,elected,O
,Municipal,B-org
,"Council,",O
,the,O
,elections,O
,to,O
,the,O
,next,O
,Council,O
,have,O
,to,O
,be,O
,completed,O
,before,O
,the,O
,term,O
,"and,",O
,"therefore,",O
,the,O
,4th,O
,respondent,O
,is,O
,contemplating,O
,to,O
,hold,O
,elections,O
,before,O
,the,O
,expiry,O
,of,O
,the,O
,term,O
,to,O
,the,O
,present,O
,Municipal,B-org
,Council,B-org
,.,O
Sentence 59,The,O
,Election,O
,Authority-cum-Municipal,O
,"Commissioner,",O
,"Jaggaiahpet,",B-loc
,in,O
,his,O
,counter,O
,"affidavit,",O
,stated,O
,that,O
,as,O
,per,O
,1991,O
,"census,",O
,the,O
,population,O
,of,O
,Jaggaiahpet,B-loc
,is,O
,"36,122",O
,.,O
Sentence 60,Out,O
,of,O
,"this,",O
,"3,884",O
,belong,O
,to,O
,Scheduled,O
,"Caste,",O
,"1,178",O
,belong,O
,to,O
,Scheduled,O
,"Tribe,",O
,"17,897",O
,-,O
,women,O
,and,O
,"11,202",O
,belong,O
,to,O
,Backward,O
,Classes,O
,.,O
Sentence 61,"Therefore,",O
,the,O
,population,O
,of,O
,Backward,O
,Classes,O
,is,O
,more,O
,than,O
,30%,B-percent
,.,O
Sentence 62,During,O
,the,O
,last,O
,"elections,",O
,the,O
,post,O
,of,O
,Chairperson,O
,was,O
,not,O
,reserved,O
,and,O
,it,O
,was,O
,for,O
,OC,O
,general,O
,"and,",O
,"therefore,",O
,during,O
,the,O
,ensuing,O
,elections,O
,the,O
,Government,O
,has,O
,reserved,O
,the,O
,office,O
,of,O
,Chairperson,O
,for,O
,Backward,O
,Classes,O
,.,O
Sentence 63,By,O
,Andhra,B-loc
,Pradesh,B-loc
,Act,B-act
,17,O
,of,O
,"1994,",O
,the,O
,State,O
,Legislature,O
,has,O
,inserted,O
,clause,O
,(c),O
,in,O
,sub-section,O
,(1),O
,of,O
,Section,O
,23,O
,of,O
,the,O
,"Act,",O
,which,O
,enables,O
,reservation,O
,of,O
,one-third,O
,of,O
,offices,O
,and,O
,seats/,O
,wards,O
,to,O
,backward,O
,classes,O
,"and,",O
,"therefore,",O
,reserving,O
,the,O
,office,O
,of,O
,Chairperson,O
,is,O
,justified,O
,.,O
Sentence 64,The,O
,commission,O
,through,O
,its,O
,Secretary,O
,has,O
,filed,O
,counter,O
,affidavit,O
,.,O
Sentence 65,Relying,O
,on,O
,Ward,O
,Rules,O
,and,O
,the,O
,orders,O
,issued,O
,by,O
,the,O
,Government,O
,in,O
,G,O
,.,O
,"O,",O
,Ms,O
,.,O
,No,O
,.,O
,"37,",O
,Municipal,B-org
,Administration,B-org
,&,O
,"""Urban",O
,Development,O
,(Elecs,O
,.,O
,II),O
,"Department,",O
,dated,O
,3-2-1995,date
,under,O
,which,O
,the,O
,Government,O
,delegated,O
,the,O
,powers,O
,to,O
,the,O
,Commissioner,O
,&,O
,Director,O
,of,O
Sentence,.,OO
,Municipal,B-org
,Administration,B-org
,and,O
,G,O
,.,O
,O,O
,.,O
,Ms,O
,.,O
,No,O
,.,O
,"38,",O
,Municipal,B-org
,Administration,B-org
,&,O
,Urban,O
,Development,O
,(Elecs,O
,.,O
,II),O
,"Department,",O
,dated,O
,3-2-1995,date
,under,O
,which,O
,the,O
,concerned,O
,District,O
,Collector,O
,was,O
,delegated,O
,"powers,",O
,the,O
,Commission,O
,states,O
,that,O
,for,O
,the,O
,purpose,O
,of,O
,reservation,O
,of,O
,offices,O
,of,O
,"Chairpersons,",O
,the,O
,'authority,O
,specified',O
,is,O
,the,O
,Commissioner,O
,of,O
,Municipal,B-org
,Administration,B-org
,and,O
,the,O
,District,O
,Collector,O
,is,O
,the,O
,'authority,O
,specified',O
,for,O
,the,O
,purpose,O
,of,O
,determination,O
,of,O
,specified,O
,wards,O
,to,O
,Scheduled,O
,"Castes,",O
,Scheduled,O
,"Tribes,",O
,Backward,O
,Classes,O
,and,O
,Women,O
,in,O
,Municipalities,B-org
,and,O
,Nagar,B-org
,Panchayats,B-org
,.,O
Sentence 66,The,O
,Commission,O
,has,O
,no,O
,role,O
,in,O
,the,O
,reservation,O
,of,O
,wards,O
,in,O
,the,O
,Municipalities,B-org
,and,O
,hence,O
,the,O
,Commission,O
,is,O
,only,O
,proforma,O
,respondent,O
,.,O
Sentence 67,In,O
,Writ,O
,Petition,O
,No,O
,.,O
,2014,O
,of,O
,"2000,",O
,the,O
,challenge,O
,is,O
,as,O
,to,O
,the,O
,validity,O
,of,O
,Section,O
,14-A,O
,of,O
,the,O
,Corporations,O
,"Act,",B-act
,Section,O
,23,O
,of,O
,the,O
,"Act,",B-act
,the,O
,Rules,O
,framed,O
,thereunder,O
,and,O
,the,O
,Government,O
,Order,O
,in,O
,G,O
,.,O
,O,O
,.,O
,Ms,O
,.,O
,No,O
,.,O
,"71,",O
,Municipal,B-org
,Administration,B-org
,&,O
,Urban,O
,Development,O
,(Elect,O
,.,O
,II),O
,"Department,",O
,dated,O
,"5-2-2000,",date
,as,O
,being,O
,ultra,O
,vires,O
,the,O
,provisions,O
,of,O
,the,O
,Constitution,O
,in,O
,Articles,O
,"243-P,",O
,243-Q,O
,and,O
,243-T,O
,.,O
Sentence 68,Consequential,O
,directions,O
,to,O
,the,O
,Government,O
,and,O
,the,O
,Commission,O
,are,O
,also,O
,sought,O
,to,O
,conduct,O
,the,O
,elections,O
,to,O
,Nagar,O
,"Palikas,",O
,Municipal,O
,Councils,O
,and,O
,Municipal,O
,Corporations,O
,treating,O
,them,O
,as,O
,one,O
,unit,O
,by,O
,issuing,O
,a,O
,single,O
,notification,O
,reserving,O
,the,O
,seats,O
,and,O
,offices,O
,to,O
,various,O
,categories,O
,for,O
,all,O
,'urban,O
,area,O
,self-Govemment,O
,institutions',O
,in,O
,accordance,O
,with,O
,the,O
,Constitution,O
,.,O
Sentence 69,The,O
,averments,O
,made,O
,in,O
,the,O
,affidavit,O
,are,O
,as,O
,follow:,O
,The,O
,petitioner,O
,is,O
,a,O
,resident,O
,and,O
,registered,O
,voter,O
,of,O
,Kakinada,B-loc
,Municipality,B-org
,.,O
Sentence 70,He,O
,is,O
,aggrieved,O
,by,O
,the,O
,manner,O
,in,O
,which,O
,reservations,O
,are,O
,provided,O
,for,O
,by,O
,the,O
,first,O
,respondent,O
,to,O
,the,O
,offices,O
,of,O
,Chairpersons,O
,and,O
,Mayors,O
,in,O
,various,O
,Nagar,B-org
,"Panchayats,",B-org
,Municipalities,B-org
,and,O
,Municipal,B-org
,Corporations,B-org
,.,O
Sentence 71,The,O
,Constitution,O
,contemplates,O
,that,O
,all,O
,the,O
,institutions,O
,of,O
,self-Government,O
,in,O
,urban,O
,areas,O
,are,O
,one,O
,unit,O
,and,O
,as,O
,per,O
,Part,O
,IX-A,O
,of,O
,the,O
,"Constitution,",O
,no,O
,distinction,O
,can,O
,be,O
,drawn,O
,among,O
,the,O
,three,O
,urban,O
,local,O
,bodies,O
,.,O
Sentence 72,Even,O
,with,O
,regard,O
,to,O
,provision,O
,of,O
,reservations,O
,under,O
,Article,O
,243-T,O
,of,O
,the,O
,"Constitution,",O
,the,O
,Constitution,O
,contemplates,O
,reservations,O
,for,O
,all,O
,the,O
,offices,O
,of,O
,Chairpersons,O
,as,O
,one,O
,unit,O
,without,O
,making,O
,any,O
,distinction,O
,.,O
Sentence 73,"Hence,",O
,while,O
,prescribing,O
,percentage,O
,of,O
,"reservations,",O
,all,O
,the,O
,Municipalities,B-org
,have,O
,to,O
,be,O
,taken,O
,as,O
,one,O
,unit,O
,.,O
Sentence 74,The,O
,first,O
,respondent,O
,issued,O
,separate,O
,notifications,O
,providing,O
,for,O
,reservations,O
,to,O
,Municipal,B-org
,Councils,B-org
,and,O
,Municipal,B-org
,Corporations,B-org
,treating,O
,them,O
,as,O
,separate,O
,units,O
,and,O
,hence,O
,the,O
,notifications,O
,are,O
,null,O
,and,O
,void,O
,.,O
Sentence 75,"Further,",O
,if,O
,all,O
,the,O
,units,O
,of,O
,municipal,B-org
,administration,B-org
,in,O
,the,O
,State,O
,are,O
,treated,O
,as,O
,one,O
,unit,O
,based,O
,on,O
,the,O
,population,O
,of,O
,various,O
,"categories,",O
,reservations,O
,now,O
,announced,O
,will,O
,prove,O
,contrary,O
,to,O
,the,O
,scheme,O
,including,O
,reservation,O
,of,O
,office,O
,of,O
,Chairperson,O
,for,O
,Backward,O
,Classes,O
,(General),O
,of,O
,Kakinada,B-loc
,Municipality,B-org
,.,O
Sentence 76,If,O
,a,O
,single,O
,notification,O
,is,O
,"issued,",O
,Kakinada,B-loc
,Municipality,B-org
,will,O
,fall,O
,in,O
,general,O
,category,O
,and,O
,the,O
,petitioner,O
,would,O
,be,O
,entitled,O
,to,O
,contest,O
,for,O
,the,O
,office,O
,of,O
,Chairperson,O
,.,O
Sentence 77,The,O
,contentions,O
,of,O
,the,O
,respondents,O
,in,O
,the,O
,counter,O
,affidavit,O
,shall,O
,be,O
,referred,O
,to,O
,at,O
,appropriate,O
,place,O
,in,O
,this,O
,judgment,B-judge
,.,O
Sentence 78,In,O
,Writ,O
,Petition,O
,No,O
,.,O
,2013,O
,of,O
,"2000,",O
,the,O
,constitutional,O
,validity,O
,of,O
,Rule,O
,9,O
,of,O
,the,O
,Chairperson,O
,"Rules,",O
,Rule,O
,9,O
,of,O
,the,O
,Ward,O
,Rules,O
,and,O
,the,O
,Government,O
,Order,O
,in,O
,G,O
,.,O
,O,O
,.,O
,Ms,O
,.,O
,No,O
,.,O
,"71,",O
,dated,O
,"5-2-2000,",date
,are,O
,questioned,O
,.,O
Sentence 79,The,O
,petitioner,O
,is,O
,an,O
,"advocate,",O
,resident,O
,and,O
,registered,O
,voter,O
,of,O
,Tadepalligudem,B-loc
,Municipality,B-org
,.,O
Sentence 80,He,O
,is,O
,aggrieved,O
,by,O
,the,O
,impugned,O
,G,O
,.,O
,O,O
,.,O
,",",O
,under,O
,which,O
,the,O
,office,O
,of,O
,Chairperson,O
,of,O
,Tadepalligudem,B-loc
,Municipality,B-org
,is,O
,reserved,O
,for,O
,Backward,O
,Classes,O
,(General),O
,.,O
Sentence 81,The,O
,averments,O
,in,O
,the,O
,affidavit,O
,accompanying,O
,the,O
,writ,O
,petition,O
,are,O
,as,O
,follows,O
,.,O
Sentence 82,As,O
,per,O
,Rule,O
,9,O
,of,O
,the,O
,Chairperson,O
,"Rules,",O
,for,O
,the,O
,purpose,O
,of,O
,reserving,O
,the,O
,office,O
,of,O
,Chairperson,O
,to,O
,members,O
,belonging,O
,to,O
,Backward,O
,"Classes,",O
,the,O
,population,O
,figures,O
,gathered,O
,in,O
,the,O
,socio-economic,O
,survey,O
,conducted,O
,by,O
,the,O
,B,O
,.,O
,C,O
,.,O
,Corporation,O
,duly,O
,projected,O
,to,O
,1-3-1991,date
,shall,O
,have,O
,to,O
,be,O
,taken,O
,as,O
,the,O
,basis,O
,.,O
Sentence 83,No,O
,such,O
,survey,O
,was,O
,conducted,O
,on,O
,any,O
,scientific,O
,or,O
,regular,O
,basis,O
,as,O
,observed,O
,by,O
,the,O
,Full,O
,Bench,O
,in,O
,Satyanarayana,B-per
,Reddy,B-per
,case,O
,(supra),O
,.,O
Sentence 84,If,O
,the,O
,survey,O
,were,O
,"conducted,",O
,there,O
,would,O
,not,O
,have,O
,been,O
,any,O
,necessity,O
,for,O
,drawing,O
,lots,O
,for,O
,reserving,O
,wards,O
,for,O
,Backward,O
,Classes,O
,.,O
Sentence 85,The,O
,authorities,B-org
,did,O
,not,O
,publish,O
,any,O
,such,O
,list,O
,in,O
,the,O
,Municipality,B-org
,area,O
,and,O
,did,O
,not,O
,keep,O
,any,O
,data,O
,for,O
,scrutiny,O
,.,O
Sentence 86,"Therefore,",O
,the,O
,very,O
,basis,O
,for,O
,making,O
,reservations,O
,in,O
,the,O
,Municipality,B-org
,for,O
,backward,O
,classes,O
,as,O
,per,O
,the,O
,orders,O
,in,O
,G,O
,.,O
,O,O
,.,O
,Ms,O
,.,O
,No,O
,.,O
,"71,",O
,dated,O
,5-2-2000,date
,is,O
,unsustainable,O
,and,O
,accordingly,O
,the,O
,G,O
,.,O
,O,O
,.,O
,is,O
,liable,O
,to,O
,be,O
,declared,O
,as,O
,null,O
,and,O
,void,O
,.,O
,Rule,O
,9,O
,of,O
,the,O
,Ward,O
,Rules,O
,directing,O
,reservation,O
,of,O
,wards,O
,for,O
,Backward,O
,Classes,O
,to,O
,be,O
,decided,O
,by,O
,drawal,O
,of,O
,lots,O
,is,O
,wholly,O
,arbitrary,O
,and,O
,violative,O
,of,O
,Article,O
,14,O
,of,O
,the,O
,Constitution,O
,.,O
Sentence 87,In,O
,1995,O
,"elections,",O
,the,O
,office,O
,of,O
,Chairperson,O
,of,O
,Tadepalligudem,B-loc
,Municipality,B-org
,was,O
,reserved,O
,for,O
,women,O
,(General),O
,and,O
,hence,O
,the,O
,petitioner,O
,is,O
,deprived,O
,of,O
,the,O
,right,O
,to,O
,contest,O
,for,O
,the,O
,post,O
,.,O
Sentence 88,Even,O
,during,O
,this,O
,"election,",O
,the,O
,office,O
,of,O
,the,O
,Chairperson,O
,is,O
,reserved,O
,for,O
,Backward,O
,Classes,O
,(General),O
,due,O
,to,O
,wrong,O
,and,O
,misleading,O
,data,O
,"and,",O
,"therefore,",O
,the,O
,petitioner's,O
,right,O
,to,O
,contest,O
,in,O
,the,O
,election,O
,has,O
,been,O
,illegally,O
,deprived,O
,.,O
Sentence 89,No,O
,scientific,O
,basis,O
,is,O
,adopted,O
,for,O
,ascertaining,O
,the,O
,backward,O
,class,O
,population,O
,as,O
,on,O
,1-3-1991,date
,.,O
Sentence 90,The,O
,method,O
,now,O
,adopted,O
,for,O
,reserving,O
,the,O
,wards,O
,for,O
,backward,O
,classes,O
,is,O
,wholly,O
,arbitrary,O
,and,O
,unsustainable,O
,and,O
,violative,O
,of,O
,Article,O
,14,O
,of,O
,the,O
,Constitution,O
,.,O
,.,O
Sentence 91,The,O
,first,O
,respondent,O
,filed,O
,counter,O
,affidavit,O
,.,O
Sentence 92,The,O
,same,O
,is,O
,as,O
,follows:,O
,Since,O
,1987,O
,the,O
,Government,O
,introduced,O
,various,O
,reforms,O
,in,O
,Municipal,B-org
,Law,O
,.,O
Sentence 93,It,O
,was,O
,for,O
,the,O
,first,O
,time,O
,decided,O
,to,O
,reserve,O
,20%,B-percent
,of,O
,total,O
,number,O
,of,O
,Offices,O
,of,O
,Chairpersons,O
,in,O
,favour,O
,of,O
,BCs,O
,.,O
Sentence 94,It,O
,is,O
,a,O
,legislative,O
,policy,O
,brought,O
,in,O
,by,O
,the,O
,Government,O
,for,O
,reservation,O
,of,O
,SCs,O
,.,O
,",",O
,STs,O
,.,O
,",",O
,and,O
,Woman,O
,.,O
Sentence 95,In,O
,"1991,",O
,when,O
,census,O
,with,O
,enumeration,O
,blocks,O
,as,O
,units,O
,.,O
Sentence 96,and,O
,the,O
,ward-wise,O
,figures,O
,of,O
,SCs,O
,.,O
,",",O
,and,O
,STs,O
,.,O
,",",O
,could,O
,also,O
,be,O
,worked,O
,out,O
,with,O
,authenticity,O
,whereas,O
,1991,O
,census,O
,does,O
,not,O
,furnish,O
,the,O
,population,O
,figures,O
,of,O
,BC,O
,.,O
Sentence 97,"Therefore,",O
,the,O
,population,O
,figures,O
,gathered,O
,by,O
,the,O
,B,O
,.,O
,C,O
,.,O
,Corporation,O
,which,O
,conducted,O
,survey,O
,during,O
,the,O
,period,O
,from,O
,1-1-1984,date
,to,O
,31-12-1986,date
,became,O
,the,O
,basis,O
,for,O
,reservation,O
,with,O
,reference,O
,to,O
,the,O
,relevant,O
,date,O
,which,O
,is,O
,1-3-1991,date
,.,O
Sentence 98,The,O
,counter-affidavit,O
,also,O
,refers,O
,to,O
,the,O
,various,O
,provisions,O
,of,O
,the,O
,Seventy,O
,Fourth,O
,Amendment,O
,to,O
,the,O
,"Constitution,",O
,the,O
,Act,B-act
,as,O
,amended,O
,in,O
,1994,O
,and,O
,various,O
,rules,O
,.,O
Sentence 99,The,O
,counter,O
,states,O
,that,O
,the,O
,only,O
,figures,O
,available,O
,for,O
,BCs,O
,.,O
,",",O
,are,O
,the,O
,figures,O
,gathered,O
,by,O
,the,O
,B,O
,.,O
,C,O
,.,O
,"Corporation,",O
,which,O
,were,O
,duly,O
,projected,O
,to,O
,1-3-1991,date
,.,O
Sentence 100,These,O
,figures,O
,formed,O
,the,O
,basis,O
,for,O
,reservation,O
,of,O
,offices,O
,of,O
,Chairpersons,O
,.,O
Sentence 101,The,O
,figures,O
,duly,O
,projected,O
,to,O
,1-3-1991,date
,are,O
,published,O
,by,O
,the,O
,concerned,O
,District,O
,Collectors,O
,in,O
,accordance,O
,with,O
,the,O
,directions,O
,issued,O
,by,O
,the,O
,Government,O
,in,O
,G,O
,.,O
,O,O
,.,O
,Ms,O
,.,O
,No,O
,.,O
,"34,",O
,dated,O
,3-2-1995,date
,.,O
Sentence 102,The,O
,final,O
,figures,O
,were,O
,published,O
,in,O
,the,O
,District,O
,Gazette,O
,in,O
,the,O
,local,O
,newspapers,O
,and,O
,also,O
,announced,O
,on,O
,All,O
,India,O
,Radio,O
,for,O
,the,O
,information,O
,of,O
,the,O
,public,O
,.,O
Sentence 103,This,O
,exercise,O
,was,O
,undertaken,O
,as,O
,per,O
,the,O
,orders,O
,of,O
,the,O
,Hon'ble,O
,High Court,B-court
,in,O
,Satyanarayana,B-per
,Reddy,B-per
,case,O
,(supra),O
,.,O
Sentence 104,The,O
,Government,O
,determined,O
,and,O
,specified,O
,the,O
,number,O
,of,O
,offices,O
,of,O
,Chairpersons,O
,for,O
,SCs,O
,.,O
,",",O
,STs,O
,.,O
,and,O
,BCs,O
,.,O
,",",O
,duly,O
,following,O
,the,O
,procedure,O
,contemplated,O
,under,O
,Rule,O
,7,O
,of,O
,the,O
,Chairperson,O
,Rules,O
,with,O
,reference,O
,to,O
,largest,O
,percentage,O
,of,O
,population,O
,of,O
,the,O
,respective,O
,category,O
,to,O
,the,O
,total,O
,population,O
,of,O
,the,O
,municipality,B-org
,in,O
,the,O
,descending,O
,order,O
,.,O
Sentence 105,The,O
,counter,O
,affidavit,O
,also,O
,refers,O
,to,O
,State,O
,Government,O
,Orders,O
,being,O
,G,O
,.,O
,O,O
,.,O
,Ms,O
,.,O
,No,O
,.,O
,"37,",O
,dated,O
,3-2-1995,date
,and,O
,G,O
,.,O
,O,O
,.,O
,Ms,O
,.,O
,No,O
,.,O
,38,O
,dated,O
,3-2-1995,date
,where,O
,under,O
,the,O
,power,O
,was,O
,delegated,O
,to,O
,the,O
,Commissioner,O
,and,O
,Director,O
,of,O
,Municipal,B-org
,administration,B-org
,for,O
,fixing,O
,the,O
,number,O
,of,O
,offices,O
,of,O
,Chairpersons,O
,reserved,O
,for,O
,various,O
,categories,O
,and,O
,also,O
,delegating,O
,the,O
,powers,O
,by,O
,the,O
,latter,O
,G,O
,.,O
,O,O
,.,O
,",",O
,to,O
,the,O
,concerned,O
,District,O
,Collectors,O
,specifying,O
,the,O
,wards,O
,which,O
,are,O
,reserved,O
,.,O
Sentence 106,As,O
,the,O
,Office,O
,of,O
,Chairperson,O
,of,O
,Tadepalligudem,B-loc
,was,O
,reserved,O
,for,O
,Woman,O
,(General),O
,in,O
,1995,O
,"elections,",O
,this,O
,time,O
,the,O
,same,O
,was,O
,reserved,O
,for,O
,BCs,O
,.,O
Sentence 107,The,O
,contention,O
,of,O
,the,O
,petitioner,O
,that,O
,the,O
,BC,O
,population,O
,of,O
,Tadepalligudem,B-loc
,is,O
,about,O
,18-19%,B-percent
,of,O
,the,O
,total,O
,population,O
,is,O
,unfounded,O
,.,O
Sentence 108,The,O
,population,O
,of,O
,the,O
,said,O
,Municipality,B-org
,as,O
,notified,O
,by,O
,the,O
,District,O
,Collector,O
,in,O
,"February,",O
,1995,O
,is,O
,"24,028",O
,(27,O
,.,O
,035%),O
,to,O
,the,O
,total,O
,population,O
,of,O
,the,O
,Municipality,B-org
,.,O
Sentence 109,The,O
,counter,O
,also,O
,says,O
,that,O
,the,O
,writ,O
,petition,O
,is,O
,not,O
,maintainable,O
,in,O
,view,O
,of,O
,Article,O
,243-ZG,O
,of,O
,the,O
,Constitution,O
,.,O
Sentence 110,After,O
,1995,O
,elections,O
,the,O
,first,O
,meeting,O
,of,O
,Tadepalligudem,B-loc
,Municipal,B-org
,Council,O
,was,O
,held,O
,on,O
,29-3-1995,date
,.,O
Sentence 111,"Therefore,",O
,under,O
,Article,O
,243-U(1),O
,read,O
,with,O
,Article,O
,"243-U(3)(a),",O
,election,O
,to,O
,a,O
,Municipality,B-org
,will,O
,have,O
,to,O
,be,O
,completed,O
,before,O
,the,O
,expiry,O
,of,O
,the,O
,term,O
,of,O
,five,O
,years,O
,i,O
,.,O
,e,O
,.,O
,",",O
,28-3-2000,date
,.,O
Sentence 112,"Therefore,",O
,interference,O
,by,O
,this,O
,Court,O
,is,O
,not,O
,called,O
,for,O
,.,O
Sentence 113,In,O
,Writ,O
,Petition,O
,No,O
,.,O
,1720,O
,of,O
,"2000,",O
,the,O
,petitioners,O
,seek,O
,a,O
,declaration,O
,that,O
,reservation,O
,of,O
,one-third,O
,of,O
,the,O
,wards,O
,in,O
,all,O
,the,O
,Municipalities,B-org
,of,O
,the,O
,State,O
,in,O
,favour,O
,of,O
,backward,O
,classes,O
,is,O
,illegal,O
,and,O
,arbitrary,O
,and,O
,for,O
,a,O
,further,O
,declaration,O
,that,O
,Rule,O
,9,O
,of,O
,the,O
,Ward,O
,Rules,O
,as,O
,illegal,O
,and,O
,arbitrary,O
,.,O
Sentence 114,A,O
,consequential,O
,direction,O
,is,O
,also,O
,sought,O
,directing,O
,the,O
,respondents,O
,to,O
,hold,O
,the,O
,Municipal,B-org
,elections,O
,only,O
,after,O
,estimating,O
,the,O
,population,O
,of,O
,backward,O
,classes,O
,in,O
,the,O
,State,O
,by,O
,fixing,O
,criteria,O
,for,O
,the,O
,quantum,O
,of,O
,reservation,O
,to,O
,the,O
,seats,O
,.,O
Sentence 115,The,O
,petitioners,O
,are,O
,residents,O
,of,O
,Gajuwaka,B-loc
,Municipality,B-org
,.,O
Sentence116,On,O
,"24-1-2000,",date
,the,O
,District,O
,"Collector,",O
,"Visakhapatnam,",B-loc
,the,O
,5th,O
,respondent,O
,"herein,",O
,circulated,O
,a,O
,letter,O
,to,O
,all,O
,the,O
,political,O
,parties,O
,to,O
,be,O
,present,O
,in,O
,the,O
,lottery,O
,to,O
,be,O
,conducted,O
,on,O
,28-1-2000,date
,for,O
,deciding,O
,the,O
,wards,O
,to,O
,be,O
,reserved,O
,for,O
,Backward,O
,Classes,O
,.,O
Sentence 117,On,O
,"28-1-2000,",date
,a,O
,lottery,O
,was,O
,conducted,O
,and,O
,out,O
,of,O
,32,O
,"wards,",O
,ward,O
,Nos,O
,.,O
,"2,",O
,"3,",O
,"5,",O
,"9,",O
,"10,",O
,"12,",O
,"13,",O
,"19,",O
,"20,",O
,26,O
,and,O
,32,O
,(11,O
,wards),O
,were,O
,reserved,O
,for,O
,the,O
,candidates,O
,belonging,O
,to,O
,Backward,O
,classes,O
,.,O
,Ward,O
,No,O
,.,O
,"5,",O
,where,O
,the,O
,second,O
,petitioner,O
,resides,O
,and,O
,Ward,O
,No,O
,.,O
,"26,",O
,where,O
,the,O
,first,O
,petitioner,O
,resides,O
,are,O
,reserved,O
,for,O
,backward,O
,classes,O
,and,O
,as,O
,both,O
,the,O
,petitioners,O
,do,O
,not,O
,belong,O
,to,O
,backward,O
,"class,",O
,they,O
,are,O
,not,O
,able,O
,to,O
,contest,O
,in,O
,the,O
,ensuing,O
,Municipal,B-org
,elections,O
,.,O
Sentence 118,According,O
,to,O
,the,O
,"petitioners,",O
,ward,O
,No,O
,.,O
,5,O
,comprises,O
,two,O
,villages,O
,"called,",O
,Kaputungalam,B-loc
,and,O
,"Redditungalam,",B-loc
,where,O
,the,O
,population,O
,of,O
,Kapu,B-per
,and,O
,Reddy,B-per
,communities,O
,is,O
,predominant,O
,and,O
,the,O
,Backward,O
,Class,O
,population,O
,is,O
,nominal,O
,.,O
Sentence 119,In,O
,Ward,O
,No,O
,.,O
,"26,",O
,the,O
,population,O
,of,O
,Backward,O
,Class,O
,is,O
,miniscule,O
,.,O
Sentence 120,Aggrieved,O
,by,O
,this,O
,reservation,O
,of,O
,Ward,O
,Nos,O
,.,O
,5,O
,and,O
,26,O
,for,O
,backward,O
,"classes,",O
,the,O
,writ,O
,petition,O
,is,O
,filed,O
,.,O
Sentence 121,The,O
,petitioner,O
,has,O
,referred,O
,to,O
,the,O
,provisions,O
,of,O
,Section,O
,8,O
,of,O
,the,O
,Act,B-act
,as,O
,amended,O
,by,O
,Act,B-act
,No,O
,.,O
,17,O
,of,O
,1994,O
,and,O
,the,O
,various,O
,provisions,O
,of,O
,the,O
,Constitution,O
,as,O
,amended,O
,by,O
,the,O
,Constitution,O
,(Seventy,O
,fourth,O
,Amendment),O
,"Act,",B-act
,1992,O
,.,O
Sentence 122,The,O
,main,O
,contention,O
,is,O
,that,O
,the,O
,action,O
,of,O
,the,O
,respondents,O
,in,O
,reserving,O
,11,O
,wards,O
,for,O
,Backward,O
,Classes,O
,in,O
,Gajuwaka,B-loc
,Municipality,B-org
,is,O
,contrary,O
,to,O
,the,O
,judgment,B-judge
,of,O
,this,O
,Court,B-court
,in,O
,Satyanarayana,B-per
,Reddy,B-per
,case,O
,.,O
Sentence 123,It,O
,is,O
,further,O
,averred,O
,that,O
,the,O
,method,O
,of,O
,lottery,O
,adopted,O
,by,O
,the,O
,5th,O
,respondent,O
,is,O
,contrary,O
,to,O
,the,O
,law,O
,laid,O
,down,O
,by,O
,a,O
,Full,O
,Bench,O
,of,O
,this,O
,Court,B-court
,in,O
,S,O
,.,O
,Fakruddin,B-per
,and,O
,others,O
,etc,O
,.,O
,v,O
,.,O
,Govt,O
,.,O
,of,O
,AP,O
,.,O
,",",O
,"and,",O
,"therefore,",O
,Rule,O
,9,O
,of,O
,the,O
,Ward,O
,Rules,O
,is,O
,liable,O
,to,O
,be,O
,struck,O
,down,O
,.,O
Sentence 124,A,O
,citizen,O
,belonging,O
,to,O
,Scheduled,O
,Caste,O
,community,O
,files,O
,Writ,O
,Petition,O
,No,O
,.,O
,1308,O
,of,O
,2000,O
,.,O
Sentence 125,He,O
,wants,O
,to,O
,contest,O
,in,O
,the,O
,Municipal,B-org
,elections,O
,.,O
Sentence 126,His,O
,grievance,O
,is,O
,that,O
,the,O
,Government's,O
,action,O
,in,O
,seeking,O
,to,O
,reserve,O
,the,O
,office,O
,of,O
,Chairperson,O
,of,O
,Gudivada,B-loc
,Municipality,B-org
,for,O
,Backward,O
,Classes,O
,is,O
,illegal,O
,and,O
,untenable,O
,as,O
,the,O
,backward,O
,class,O
,population,O
,of,O
,Gudivada,B-loc
,is,O
,not,O
,more,O
,than,O
,25%,B-percent
,.,O
Sentence 127,While,O
,giving,O
,the,O
,population,O
,figures,O
,of,O
,various,O
,"municipalities,",B-org
,the,O
,petitioner,O
,avers,O
,that,O
,the,O
,respondents,O
,have,O
,not,O
,followed,O
,the,O
,directions,O
,issued,O
,by,O
,the,O
,Full,O
,Bench,O
,and,O
,followed,O
,the,O
,method,O
,of,O
,reserving,O
,the,O
,Municipalities,B-org
,showing,O
,the,O
,percentage,O
,of,O
,population,O
,of,O
,Scheduled,O
,"Castes,",O
,Scheduled,O
,.,O
Sentence 128,Tribes,O
,and,O
,Backward,O
,Classes,O
,in,O
,descending,O
,order,O
,and,O
,then,O
,identified,O
,the,O
,offices,O
,of,O
,Chairpersons,O
,from,O
,the,O
,top,O
,ignoring,O
,the,O
,Municipalities,B-org
,which,O
,were,O
,already,O
,reserved,O
,in,O
,the,O
,earlier,O
,list,O
,.,O
Sentence 129,This,O
,"method,",O
,which,O
,might,O
,result,O
,in,O
,reserving,O
,the,O
,office,O
,of,O
,Chairperson,O
,for,O
,Scheduled,O
,"Castes,",O
,Scheduled,O
,Tribes,O
,and,O
,Backward,O
,Classes,O
,even,O
,where,O
,the,O
,population,O
,of,O
,these,O
,categories,O
,is,O
,"negligible,",O
,is,O
,against,O
,the,O
,Constitutional,O
,scheme,O
,.,O
Sentence 130,The,O
,petitioner's,O
,further,O
,grievance,O
,is,O
,that,O
,for,O
,the,O
,purpose,O
,of,O
,identifying,O
,the,O
,wards,O
,to,O
,be,O
,reserved,O
,for,O
,Backward,O
,"Classes,",O
,a,O
,lottery,O
,system,O
,is,O
,adopted,O
,which,O
,is,O
,erroneous,O
,and,O
,contrary,O
,to,O
,the,O
,dicta,O
,of,O
,the,O
,Full,O
,Bench,O
,is,O
,Pakruddin,B-per
,case,O
,(supra),O
,.,O
Sentence 131,The,O
,District,O
,"Collector,",O
,Krishna,B-per
,conducted,O
,lottery,O
,on,O
,25-1-2000,date
,in,O
,the,O
,presence,O
,of,O
,politicians,O
,to,O
,identify,O
,the,O
,wards,O
,for,O
,"reservation,",O
,which,O
,is,O
,unconstitutional,O
,.,O
Sentence 132,The,O
,petitioner,O
,also,O
,filed,O
,two,O
,miscellaneous,O
,applications,O
,during,O
,the,O
,course,O
,of,O
,arguments,O
,.,O
Sentence 133,One,O
,application,O
,is,O
,for,O
,permission,O
,to,O
,file,O
,additional,O
,documents,O
,.,O
Sentence 134,The,O
,petitioner,O
,annexed,O
,G,O
,.,O
,O,O
,.,O
,Ms,O
,.,O
,"No,71,",O
,dated,O
,5-2-2000,date
,under,O
,which,O
,the,O
,Government,O
,issued,O
,a,O
,notification,O
,in,O
,exercise,O
,of,O
,powers,O
,under,O
,Section,O
,23,O
,read,O
,with,O
,Rules,O
,3,O
,and,O
,12,O
,of,O
,the,O
,Chairperson,O
,Rules,O
,and,O
,determining,O
,67,O
,Municipalities,B-org
,and,O
,Nagar,B-org
,Panchayats,B-org
,in,O
,the,O
,State,O
,as,O
,specified,O
,in,O
,Schedule,O
,II,O
,to,O
,the,O
,Notification,O
,as,O
,"Municipalities,",B-org
,Nagar,B-org
,Panchayats,B-org
,reserved,O
,for,O
,members,O
,belonging,O
,to,O
,Scheduled,O
,"Castes,",O
,Scheduled,O
,"Tribes,",O
,Backward,O
,Classes,O
,and,O
,women,O
,for,O
,reservation,O
,to,O
,the,O
,offices,O
,of,O
,Chairpersons,O
,to,O
,the,O
,said,O
,Municipalities,B-org
,and,O
,Nagar,B-org
,Panchayats,B-org
,.,O
Sentence 135,Another,O
,miscellaneous,O
,application,O
,filed,O
,by,O
,the,O
,petitioner,O
,is,O
,seeking,O
,amendment,O
,of,O
,the,O
,prayer,O
,in,O
,the,O
,writ,O
,petition,O
,.,O
Sentence 136,"Now,",O
,the,O
,petitioner,O
,impugns,O
,G,O
,.,O
,O,O
,.,O
,Ms,O
,.,O
,No,O
,.,O
,"71,",O
,dated,O
,5-2-2000,date
,and,O
,the,O
,relevant,O
,Rules,O
,in,O
,the,O
,Chairperson,O
,Rules,O
,as,O
,well,O
,as,O
,Ward,O
,Rules,O
,as,O
,being,O
,illegal,O
,and,O
,unconstitutional,O
,.,O
Sentence 137,The,O
,Government,O
,of,O
,Andhra,B-loc
,"Pradesh,",B-loc
,the,O
,first,O
,respondent,O
,in,O
,the,O
,writ,O
,petition,O
,filed,O
,"counter,",O
,ft,O
,is,O
,stated,O
,that,O
,the,O
,socio-economic,O
,survey,O
,of,O
,Gudivada,B-loc
,was,O
,conducted,O
,on,O
,1-1-1986,date
,.,O
Sentence 138,The,O
,Bureau,O
,of,O
,Economics,O
,&,O
,Statistics,O
,then,O
,projected,O
,backward,O
,class,O
,population,O
,to,O
,1-3-1991,date
,.,O
Sentence 139,The,O
,District,O
,Collector,O
,followed,O
,the,O
,procedure/,O
,guidelines,O
,issued,O
,by,O
,the,O
,Government,O
,and,O
,published,O
,the,O
,final,O
,figures,O
,in,O
,the,O
,District,O
,Gazette,B-loc
,on,O
,10-2-1995,date
,"and,",O
,"therefore,",O
,the,O
,law,O
,laid,O
,down,O
,by,O
,this,O
,Court,B-court
,is,O
,followed,O
,.,O
Sentence 140,The,O
,other,O
,averments,O
,in,O
,the,O
,counter,O
,are,O
,similar,O
,to,O
,the,O
,averments,O
,made,O
,in,O
,the,O
,counter,O
,affidavit,O
,filed,O
,in,O
,Writ,O
,Petition,O
,No,O
,.,O
,955,O
,of,O
,2000,O
Sentence 141,In,O
,Writ,O
,Petition,O
,No,O
,.,O
,1992,O
,of,O
,"2000,",O
,the,O
,petitioner,O
,is,O
,a,O
,registered,O
,voter,O
,and,O
,resident,O
,of,O
,Vikarabad,B-loc
,Municipality,B-org
,.,O
Sentence 142,He,O
,is,O
,aggrieved,O
,by,O
,the,O
,orders,O
,of,O
,the,O
,Government,O
,in,O
,reserving,O
,the,O
,office,O
,of,O
,Chairperson,O
,of,O
,Vikarabad,B-loc
,Municipality,B-org
,for,O
,Backward,O
,Classes,O
,(women),O
,.,O
Sentence 143,In,O
,the,O
,petition,O
,under,O
,Article,O
,226,O
,of,O
,the,O
,"Constitution,",O
,he,O
,prayed,O
,for,O
,a,O
,declaration,O
,that,O
,G,O
,.,O
,O,O
,.,O
,Ms,O
,.,O
,No,O
,.,O
,"71,",O
,dated,O
,5-2-2000,date
,insofar,O
,as,O
,the,O
,same,O
,seeks,O
,to,O
,reserve,O
,the,O
,office,O
,of,O
,Chairperson,O
,of,O
,Vikarabad,B-loc
,Municipality,B-org
,to,O
,Backward,O
,Classes,O
,"(women),",O
,is,O
,illegal,O
,and,O
,contrary,O
,to,O
,the,O
,provisions,O
,of,O
,the,O
,Act,B-loc
,and,O
,Chairperson,O
,Rules,O
,and,O
,consequently,O
,direct,O
,the,O
,respondents,O
,to,O
,delete,O
,the,O
,Vikarabad,B-loc
,Municipality,B-org
,from,O
,the,O
,reserved,O
,category,O
,.,O
Sentence 144,The,O
,averments,O
,in,O
,the,O
,affidavit,O
,are,O
,similar,O
,to,O
,the,O
,one,O
,in,O
,WP,O
,No,O
,.,O
,955,O
,of,O
,"2000,",O
,but,O
,the,O
,petitioner,O
,also,O
,averred,O
,that,O
,in,O
,Ranga,B-per
,Reddy,B-per
,"District,",O
,Tandur,B-loc
,Municipality,B-org
,has,O
,a,O
,backward,O
,class,O
,population,O
,of,O
,"18,859",O
,(41,O
,.,O
,43%,B-percent
,of,O
,the,O
,total,O
,population),O
,whereas,O
,in,O
,Vikarabad,B-loc
,"Municipality,",B-org
,the,O
,backward,O
,class,O
,population,O
,is,O
,"13,032",O
,(34,O
,.,O
,65%),O
,"and,",O
,"therefore,",O
,Tandur,B-loc
,Municipality,B-org
,ought,O
,to,O
,have,O
,been,O
,reserved,O
,following,O
,the,O
,amended,O
,Rule,O
,"7,",O
,which,O
,says,O
,that,O
,any,O
,reservations,O
,made,O
,in,O
,the,O
,earlier,O
,elections,O
,will,O
,have,O
,to,O
,be,O
,ignored,O
,.,O
Sentence 145,For,O
,this,O
,"purpose,",O
,the,O
,petitioner,O
,relied,O
,on,O
,G,O
,.,O
\,O,O
,.,O
,Ms,O
,.,O
,No,O
,.,O
,"26,",O
,Municipal,B-org
,Administration,B-org
,&,O
,Urban,O
,Development,O
,(Elecs,O
,.,O
,I),O
,"Department,",O
,dated,O
,"17-1-2000,",date
,by,O
,which,O
,Rule,O
,7,O
,of,O
,the,O
,Chairperson,O
,Rules,O
,is,O
,amended,O
,.,O
Sentence 146,According,O
,to,O
,the,O
,amended,O
,"Rule,",O
,the,O
,reservation,O
,of,O
,offices,O
,of,O
,Chairpersons,O
,shall,O
,be,O
,started,O
,afresh,O
,without,O
,any,O
,reference,O
,to,O
,the,O
,reservation,O
,of,O
,offices,O
,of,O
,Chairpersons,O
,made,O
,prior,O
,to,O
,the,O
,issuance,O
,of,O
,Chairperson,O
,Rules,O
,.,O
Sentence 147,Similar,O
,challenge,O
,is,O
,made,O
,in,O
,Writ,O
,Petition,O
,No,O
,.,O
\,2126,O
,of,O
,2000,O
,by,O
,a,O
,practicing,O
,Advocate,O
,of,O
,Vikarabad,B-loc
,who,O
,wants,O
,to,O
,contest,O
,Municipal,B-org
,Election,O
,to,O
,be,O
,held,O
,in,O
,"March,",O
,2000,O
,.,O
Sentence 148,In,O
,this,O
,writ,O
,"petition,",O
,the,O
,petitioner,O
,also,O
,challenges,O
,the,O
,method,O
,of,O
,drawing,O
,lots,O
,for,O
,the,O
,purpose,O
,of,O
,reservation,O
,of,O
,Wards,O
,for,O
,backward,O
,classes,O
,.,O
Sentence 149,Relying,O
,on,O
,the,O
,census,O
,figures,O
,of,O
,"1991,",O
,it,O
,is,O
,averred,O
,that,O
,reserving,O
,13,O
,Wards,O
,in,O
,favour,O
,of,O
,SCs,O
,.,O
,",",O
,STs,O
,.,O
,and,O
,DCs,O
,.,O
,",",O
,while,O
,leaving,O
,open,O
,four,O
,wards,O
,for,O
,General,O
,Category,O
,is,O
,illegal,O
,and,O
,unconstitutional,O
,.,O
,.,O
,.,O
,17,O
,.,O
Sentence 150,In,O
,the,O
,context,O
,of,O
,reservation,O
,of,O
,seats,O
,in,O
,Palakole,B-loc
,"Municipality,",B-org
,an,O
,Ex-Councillor,O
,of,O
,Ward,O
,No,O
,.,O
,l,O
,has,O
,impugned,O
,Rule,O
,9,O
,of,O
,the,O
,Ward,O
,"Rules,",O
,in,O
,Writ,O
,Petition,O
,No,O
,.,O
,2077,O
,of,O
,2000,O
,.,O
Sentence 151,The,O
,other,O
,contentions,O
,in,O
,the,O
,writ,O
,petition,O
,are,O
,similar,O
,to,O
,those,O
,raised,O
,in,O
,the,O
,other,O
,writ,O
,petitions,O
,.,O
,.,O
,.,O
,18,O
,.,O
Sentence 152,The,O
,petitioner,O
,in,O
,Writ,O
,Petition,O
,No,O
,.,O
,2081,O
,of,O
,2000,O
,is,O
,a,O
,registered,O
,voter,O
,of,O
,Anantapur,B-loc
,Municipality,B-org
,.,O
Sentence 153,He,O
,is,O
,aggrieved,O
,by,O
,the,O
,method,O
,of,O
,drawing,O
,lots,O
,for,O
,the,O
,purpose,O
,of,O
,reserving,O
,seats,O
,for,O
,backward,O
,class,O
,persons,O
,.,O
,.,O
,.,O
,19,O
,.,O
Sentence 154,In,O
,Writ,O
,Petition,O
,No,O
,.,O
,2208,O
,of,O
,"2000,",O
,the,O
,"petitioner,",O
,present,O
,Councillor,O
,of,O
,ward,O
,No,O
,.,O
,19,O
,of,O
,Mandapeta,B-loc
,Municipality,B-org
,in,O
,East,O
,Godavari,B-loc
,"District,",O
,contends,O
,that,O
,Ward,O
,No,O
,.,O
,21,O
,has,O
,been,O
,reserved,O
,for,O
,OC,O
,during,O
,the,O
,elections,O
,in,O
,"1987,",O
,1995,O
,and,O
,2000,O
,though,O
,the,O
,population,O
,of,O
,backward,O
,class,O
,is,O
,more,O
,than,O
,50%,B-percent
,.,O
Sentence 155,It,O
,is,O
,his,O
,contention,O
,that,O
,such,O
,arbitrary,O
,reservation,O
,is,O
,because,O
,of,O
,the,O
,lottery,O
,conducted,O
,in,O
,accordance,O
,with,O
,Ward,O
,Rules,O
,and,O
,hence,O
,he,O
,prays,O
,for,O
,a,O
,declaration,O
,that,O
,Rule,O
,9,O
,of,O
,the,O
,Ward,O
,Rules,O
,is,O
,violative,O
,of,O
,Article,O
,14,O
,of,O
,the,O
,Constitution,O
,and,O
,to,O
,hold,O
,elections,O
,only,O
,after,O
,estimating,O
,the,O
,backward,O
,class,O
,population,O
,and,O
,evolving,O
,a,O
,rational,O
,system,O
,of,O
,identifying,O
,wards,O
,for,O
,the,O
,purpose,O
,of,O
,reservation,O
,.,O
,.,O
,.,O
,20,O
,.,O
Sentence 156,In,O
,Writ,O
,Petition,O
,No,O
,.,O
,230I,O
,of,O
,2000,O
,"also,",O
,the,O
,action,O
,of,O
,the,O
,respondents,O
,viz,O
,.,O
,",",O
,the,O
,District,O
,"Collector,",O
,Cuddapah,B-loc
,and,O
,the,O
,"Commissioner,",O
,Cuddapah,B-loc
,Municipality,B-org
,is,O
,reserving,O
,Ward,O
,No,O
,.,O
,l,O
,to,O
,B,O
,.,O
,C,O
,.,O
,(woman),O
,instead,O
,of,O
,B,O
,.,O
,C,O
,.,O
,(general),O
,is,O
,challenged,O
,being,O
,violative,O
,of,O
,Rules,O
,4,O
,and,O
,8,O
,of,O
,the,O
,Ward,O
,Rules,O
,.,O
,.,O
,.,O
,21,O
,.,O
Sentence 157,In,O
,Writ,O
,Petition,O
,Nos,O
,.,O
,"1992,",O
,"2077,",O
,"2081,",O
,"2126,",O
,2208,O
,and,O
,2301,O
,of,O
,2000,O
,separate,O
,counters,O
,are,O
,filed,O
,.,O
Sentence 158,But,O
,the,O
,legal,O
,contentions,O
,are,O
,same,O
,.,O
Sentence 159,I,O
,will,O
,refer,O
,to,O
,relevant,O
,factual,O
,averments,O
,in,O
,the,O
,course,O
,of,O
,judgment,B-judge
,if,O
,necessary,O
,.,O
,.,O
,.,O
,22,O
,.,O
Sentence 160,In,O
,Writ,O
,Petition,O
,Nos,O
,.,O
,2127,O
,and,O
,2214,O
,of,O
,"2000,",O
,the,O
,reservation,O
,of,O
,the,O
,Office,O
,of,O
,Chairperson,O
,in,O
,favour,O
,of,O
,Women,O
,(General),O
,in,O
,Kadiri,B-loc
,Municipality,B-org
,and,O
,Gudur,B-loc
,Municipality,B-org
,respectively,O
,is,O
,under,O
,challenge,O
,.,O
Sentence 161,The,O
,averments,O
,in,O
,Writ,O
,Petition,O
,No,O
,.,O
,2127,O
,of2000,O
,in,O
,brief,O
,are,O
,as,O
,follows,O
,.,O
Sentence 162,The,O
,petitioners,O
,are,O
,registered,O
,voters,O
,of,O
,Kadiri,B-loc
,"town,",O
,The,O
,first,O
,"respondent,",O
,viz,O
,.,O
,",",O
,the,O
,State,O
,of,O
,Andhra,B-loc
,"Pradesh,",B-loc
,issued,O
,orders,O
,in,O
,G,O
,.,O
,O,O
,.,O
,Ms,O
,.,O
,No,O
,.,O
,"70,",O
,Municipal,B-org
,Administration,B-org
,&,O
,Urban,O
,Development,O
,(Elec,O
,.,O
,II),O
,"Department,",O
,dated,O
,5-2-2000,date
,and,O
,G,O
,.,O
,O,O
,.,O
,Ms,O
,.,O
,No,O
,.,O
,"71,",O
,dated,O
,5-2-2000,date
,determining,O
,reservations,O
,for,O
,the,O
,offices,O
,of,O
,Chairpersons,O
,belonging,O
,to,O
,SCs,O
,.,O
,",",O
,STs,O
,.,O
,and,O
,Women,O
,.,O
Sentence 163,As,O
,per,O
,item,O
,19,O
,of,O
,Schedule,O
,II,O
,of,O
,G,O
,.,O
,O,O
,.,O
,Ms,O
,.,O
,No,O
,.,O
,"71,",O
,dated,O
,"5-2-2000,",date
,the,O
,office,O
,of,O
,Chairperson,O
,of,O
,Kadiri,B-loc
,Municipality,B-org
,is,O
,reserved,O
,for,O
,Women,O
,(General),O
,.,O
Sentence 164,The,O
,reservation,O
,made,O
,is,O
,not,O
,in,O
,conformity,O
,with,O
,the,O
,scope,O
,and,O
,object,O
,to,O
,be,O
,achieved,O
,and,O
,it,O
,is,O
,not,O
,in,O
,accordance,O
,with,O
,Section,O
,23,O
,of,O
,the,O
,Act,B-act
,.,O
Sentence 165,For,O
,making,O
,reservation,O
,for,O
,Women,O
,"(General),",O
,the,O
,respondents,O
,have,O
,totally,O
,omitted,O
,some,O
,Districts,O
,though,O
,the,O
,population,O
,figures,O
,suggest,O
,that,O
,there,O
,are,O
,number,O
,of,O
,municipalities,B-org
,with,O
,larger,O
,percentage,O
,of,O
,women,O
,than,O
,Kadiri,B-loc
,Municipality,B-org
,.,O
Sentence 166,According,O
,to,O
,the,O
,"petitioners,",O
,there,O
,are,O
,at,O
,least,O
,14,O
,municipalities,B-org
,in,O
,the,O
,State,O
,that,O
,have,O
,more,O
,percentage,O
,of,O
,women,O
,population,O
,than,O
,"Kadiri,",B-loc
,which,O
,is,O
,23%,B-percent
,.,O
Sentence 167,"Therefore,",O
,in,O
,the,O
,absence,O
,of,O
,any,O
,"guidelines,",O
,the,O
,impugned,O
,notifications,O
,are,O
,unsustainable,O
,being,O
,capricious,O
,and,O
,motivated,O
,.,O
,.,O
,.,O
,23,O
,.,O
Sentence 168,The,O
,averments,O
,in,O
,Writ,O
,Petition,O
,No,O
,.,O
,2214,O
,of,O
,2000,O
,also,O
,proceed,O
,on,O
,similar,O
,lines,O
,.,O
Sentence 169,In,O
,this,O
,writ,O
,"petition,",O
,it,O
,is,O
,further,O
,averred,O
,that,O
,while,O
,making,O
,reservation,O
,for,O
,"SC,",O
,ST,O
,and,O
,"Women,",O
,the,O
,State,O
,has,O
,treated,O
,the,O
,entire,O
,State,O
,as,O
,a,O
,"unit,",O
,prepared,O
,a,O
,table,O
,in,O
,the,O
,descending,O
,order,O
,of,O
,percentage,O
,for,O
,each,O
,"category,",O
,then,O
,identified,O
,the,O
,Municipality,B-org
,from,O
,top,O
,.,O
Sentence 170,According,O
,to,O
,the,O
,"petitioner,",O
,even,O
,if,O
,this,O
,method,O
,is,O
,followed,O
,strictly,O
,Gudur,B-loc
,Municipality,B-org
,cannot,O
,be,O
,reserved,O
,for,O
,Women,O
,.,O
,.,O
,.,O
,24,O
,.,O
Sentence 171,In,O
,the,O
,counter-affidavit,O
,filed,O
,in,O
,both,O
,these,O
,writ,O
,petitions,O
,(Writ,O
,Petition,O
,Nos,O
,.,O
,2127,O
,and,O
,2214,O
,of,O
,"2000),",O
,the,O
,averments,O
,are,O
,as,O
,follows,O
,.,O
Sentence 172,The,O
,reservation,O
,for,O
,the,O
,offices,O
,of,O
,Chairpersons,O
,started,O
,in,O
,1981,O
,when,O
,the,O
,elections,O
,were,O
,held,O
,after,O
,a,O
,gap,O
,of,O
,nine,O
,years,O
,.,O
,"14%,",B-percent
,5%,B-percent
,and,O
,4%,B-percent
,of,O
,the,O
,offices,O
,of,O
,Chairpersons,O
,were,O
,reserved,O
,for,O
,SCs,O
,.,O
,",",O
,STs,O
,.,O
,and,O
,Women,O
,respectively,O
,.,O
Sentence 173,Such,O
,reservation,O
,was,O
,made,O
,with,O
,reference,O
,to,O
,the,O
,largest,O
,percentage,O
,of,O
,the,O
,said,O
,category,O
,to,O
,the,O
,total,O
,population,O
,of,O
,the,O
,Municipality,B-org
,in,O
,the,O
,descending,O
,order,O
,having,O
,regard,O
,to,O
,Clause,O
,27(a),O
,of,O
,Section,O
,2,O
,of,O
,the,O
,Act,B-act
,which,O
,defines,O
,the,O
,word,O
,'population',O
,as,O
,meaning,O
,"""the",O
,population,O
,ascertained,O
,at,O
,the,O
,last,O
,census,O
,of,O
,which,O
,all,O
,the,O
,relevant,O
,and,O
,necessary,O
,figures,O
,have,O
,been,O
,established,O
,.,O
Sentence 174,"""",O
,The,O
,census,O
,of,O
,1991,O
,contains,O
,the,O
,authentic,O
,population,O
,figures,O
,of,O
,SCs,O
,.,O
,",",O
,STs,O
,.,O
,and,O
,Women,O
,.,O
Sentence 175,In,O
,"1987,",O
,the,O
,Government,O
,took,O
,up,O
,a,O
,policy,O
,decision,O
,to,O
,increase,O
,"reservation,",O
,introduce,O
,direct,O
,election,O
,of,O
,"Chairpersons,",O
,conduct,O
,municipal,B-org
,elections,O
,on,O
,party,O
,"basis,",O
,issue,O
,photo,O
,identity,O
,cards,O
,etc,O
,.,O
Sentence 176,",",O
,Reservations,O
,were,O
,increased,O
,to,O
,"50%,",B-percent
,increasing,O
,"SC,",O
,ST,O
,and,O
,Women,O
,reservations,O
,of,O
,"15%,",B-percent
,6%,B-percent
,and,O
,9%,B-percent
,respectively,O
,to,O
,the,O
,total,O
,number,O
,of,O
,offices,O
,.,O
Sentence 177,For,O
,the,O
,first,O
,"time,",O
,20%,B-percent
,of,O
,the,O
,total,O
,number,O
,of,O
,offices,O
,of,O
,Chairpersons,O
,was,O
,reserved,O
,for,O
,members,O
,belonging,O
,to,O
,backward,O
,classes,O
,.,O
Sentence 178,The,O
,number,O
,of,O
,offices,O
,of,O
,Chairpersons,O
,reserved,O
,was,O
,decided,O
,with,O
,reference,O
,to,O
,the,O
,State,O
,as,O
,a,O
,unit,O
,.,O
Sentence 179,Reservation,O
,to,O
,members,O
,belonging,O
,to,O
,various,O
,reserved,O
,classes,O
,was,O
,made,O
,with,O
,reference,O
,to,O
,the,O
,largest,O
,percentage,O
,of,O
,population,O
,of,O
,the,O
,said,O
,category,O
,to,O
,the,O
,total,O
,population,O
,in,O
,the,O
,municipality,B-org
,in,O
,the,O
,descending,O
,order,O
,.,O
Sentence 180,In,O
,doing,O
,"so,",O
,the,O
,population,O
,figures,O
,of,O
,1991,O
,census,O
,for,O
,"SC,",O
,ST,O
,and,O
,Women,O
,were,O
,considered,O
,.,O
Sentence 181,The,O
,population,O
,figures,O
,for,O
,BCs,O
,.,O
,",",O
,were,O
,not,O
,available,O
,with,O
,reference,O
,to,O
,1991,O
,census,O
,"and,",O
,"therefore,",O
,BC,O
,"Corporation,",B-org
,conducted,O
,socio-economic,O
,survey,O
,in,O
,the,O
,State,O
,in,O
,various,O
,Districts,O
,and,O
,towns,O
,during,O
,1-1-1984,date
,to,O
,31-12-1986,date
,.,O
Sentence 182,The,O
,survey,O
,was,O
,not,O
,conducted,O
,for,O
,the,O
,purpose,O
,of,O
,elections,O
,.,O
Sentence 183,As,O
,the,O
,figure,O
,of,O
,BC,O
,population,O
,is,O
,an,O
,"indicator,",O
,the,O
,Government,O
,decided,O
,reservation,O
,of,O
,BC,O
,citizens,O
,based,O
,on,O
,the,O
,population,O
,figures,O
,of,O
,BCs,O
,.,O
,",",O
,gathered,O
,in,O
,the,O
,socio-economic,O
,survey,O
,conducted,O
,by,O
,the,O
,said,O
,Corporation,O
,.,O
Sentence 184,"Therefore,",O
,the,O
,relevant,O
,population,O
,figures,O
,with,O
,reference,O
,to,O
,"SC,",O
,ST,O
,and,O
,Women,O
,related,O
,to,O
,1991,O
,census,O
,whereas,O
,for,O
,BCs,O
,.,O
,",",O
,the,O
,figure,O
,relates,O
,to,O
,the,O
,dates,O
,ranging,O
,from,O
,1-1-1984,date
,to,O
,31-12-1986,date
,.,O
Sentence 185,Though,O
,the,O
,Full,O
,Bench,O
,of,O
,this,O
,Court,B-court
,in,O
,Satyanarayana,B-per
,Reddy,B-per
,case,O
,"(supra),",O
,found,O
,the,O
,figures,O
,gathered,O
,during,O
,the,O
,survey,O
,conducted,O
,by,O
,the,O
,BC,O
,Corporation,O
,not,O
,giving,O
,the,O
,correct,O
,"picture,",O
,the,O
,Court,B-court
,directed,O
,that,O
,the,O
,figures,O
,be,O
,"published,",O
,objections,B-obj
,be,O
,called,O
,for,O
,and,O
,after,O
,considering,O
,the,O
,"objections,",B-obj
,final,O
,figures,O
,be,O
,published,O
,which,O
,can,O
,be,O
,used,O
,for,O
,any,O
,purpose,O
,including,O
,election,O
,purpose,O
,.,O
Sentence 186,"Accordingly,",O
,the,O
,District,O
,Collectors,O
,followed,O
,the,O
,procedure,O
,and,O
,issued,O
,final,O
,notifications,O
,in,O
,the,O
,District,O
,Gazette,O
,publishing,O
,the,O
,figures,O
,gathered,O
,by,O
,the,O
,BC,O
,Corporation,O
,duly,O
,projected,O
,to,O
,"1-3-1991,",date
,which,O
,is,O
,the,O
,relevant,O
,date,O
,for,O
,the,O
,purpose,O
,of,O
,1991,O
,census,O
,.,O
Sentence 187,These,O
,figures,O
,were,O
,taken,O
,as,O
,basis,O
,for,O
,making,O
,reservations,O
,in,O
,respect,O
,of,O
,backward,O
,class,O
,people,O
,.,O
Sentence 188,After,O
,coming,O
,into,O
,force,O
,of,O
,Constitution,O
,(Seventy,O
,Fourth,O
,Amendment),O
,Act,B-act
,with,O
,effect,O
,from,O
,"1-6-1993,",date
,the,O
,State,O
,Legislature,O
,amended,O
,the,O
,Act,O
,with,O
,effect,O
,from,O
,1-6-1994,date
,providing,O
,for,O
,reservation,O
,for,O
,.,O
,.,O
,SCs,O
,.,O
,",",O
,STs,O
,.,O
,on,O
,the,O
,basis,O
,of,O
,"population,",O
,reserving,O
,one-third,O
,of,O
,offices,O
,of,O
,Chairpersons,O
,to,O
,backward,O
,"classes,",O
,providing,O
,for,O
,reservation,O
,of,O
,not,O
,less,O
,than,O
,one-third,O
,offices,O
,to,O
,Women,O
,and,O
,providing,O
,for,O
,rotation,O
,while,O
,making,O
,reservation,O
,to,O
,various,O
,categories,O
,.,O
Sentence 189,Rules,O
,were,O
,also,O
,framed,O
,in,O
,G,O
,.,O
,O,O
,.,O
,Ms,O
,.,O
,No,O
,.,O
,"36,",O
,dated,O
,3-2-1995,date
,.,O
Sentence 190,These,O
,Rules,O
,are,O
,exhaustive,O
,and,O
,were,O
,followed,O
,while,O
,making,O
,reservation,O
,for,O
,the,O
,offices,O
,of,O
,the,O
,Chairpersons,O
,.,O
Sentence 191,The,O
,State,O
,Government,O
,also,O
,raised,O
,an,O
,objection,B-obj
,for,O
,entertaining,O
,the,O
,writ,O
,petition,O
,having,O
,regard,O
,to,O
,the,O
,provisions,O
,of,O
,Article,O
,243-ZG,O
,of,O
,the,O
,Constitution,O
,.,O
,.,O
,.,O
,25,O
,.,O
Sentence 192,In,O
,Writ,O
,Petition,O
,No,O
,.,O
,2039,O
,of,O
,"2000,",O
,the,O
,"petitioner,",O
,a,O
,registered,O
,Voter,O
,who,O
,intends,O
,to,O
,contest,O
,for,O
,the,O
,post,O
,of,O
,"Mayor,",O
,challenges,O
,the,O
,action,O
,of,O
,the,O
,Government,O
,in,O
,reserving,O
,the,O
,post,O
,of,O
,Mayor,O
,in,O
,Vijayawada,B-loc
,Municipal,B-org
,Corporation,B-org
,in,O
,favour,O
,of,O
,Backward,O
,Classes,O
,(women),O
,.,O
Sentence 193,It,O
,is,O
,the,O
,case,O
,of,O
,the,O
,petitioner,O
,that,O
,though,O
,the,O
,backward,O
,class,O
,population,O
,of,O
,Vijayawada,B-loc
,Municipal,B-org
,Corporation,B-org
,does,O
,not,O
,exceed,O
,"25%,",B-percent
,the,O
,same,O
,is,O
,reserved,O
,in,O
,favour,O
,of,O
,BC,O
,(women),O
,.,O
Sentence 194,The,O
,reservation,O
,is,O
,made,O
,based,O
,on,O
,the,O
,population,O
,figures,O
,gathered,O
,by,O
,the,O
,BC,O
,Corporation,B-org
,during,O
,socio-economic,O
,survey,O
,.,O
Sentence 195,The,O
,respondents,O
,have,O
,carried,O
,out,O
,the,O
,exercise,O
,of,O
,reservation,O
,without,O
,following,O
,the,O
,directions,O
,issued,O
,by,O
,the,O
,Full,O
,Bench,O
,of,O
,this,O
,Court,B-court
,and,O
,decision,B-dec
,is,O
,taken,O
,with,O
,an,O
,ulterior,O
,motive,O
,to,O
,deprive,O
,the,O
,genuine,O
,candidates,O
,like,O
,the,O
,petitioner,O
,with,O
,the,O
,opportunity,O
,of,O
,contesting,O
,for,O
,the,O
,office,O
,of,O
,Mayor,O
,.,O
,.,O
,.,O
,26,O
,.,O
Sentence 196,In,O
,Writ,O
,Petition,O
,No,O
,.,O
,2043,O
,of,O
,"2000,",O
,the,O
,two,O
,petitioners,O
,belong,O
,to,O
,BC,O
,(D),O
,category,O
,.,O
Sentence 197,They,O
,submit,O
,that,O
,the,O
,method,O
,of,O
,drawing,O
,lots,O
,for,O
,the,O
,purpose,O
,of,O
,BC,O
,reservation,O
,is,O
,discriminatory,O
,and,O
,unconstitutional,O
,.,O
Sentence 198,Rule,O
,10,O
,of,O
,the,O
,Corporation,B-org
,Ward,O
,"Rules,",O
,which,O
,prescribes,O
,such,O
,"procedure,",O
,is,O
,unconstitutional,O
,.,O
Sentence 199,The,O
,method,O
,of,O
,taking,O
,lottery,O
,is,O
,also,O
,contrary,O
,to,O
,the,O
,ratio,O
,of,O
,the,O
,Full,O
,Bench,O
,of,O
,this,O
,Court,B-court
,in,O
,Fakruddin,B-per
,case,O
,(supra),O
,.,O
Sentence 200,The,O
,petitioners,O
,also,O
,state,O
,that,O
,the,O
,Mayor,O
,of,O
,the,O
,Corporation,O
,also,O
,addressed,O
,letters,O
,on,O
,19-8-1999,date
,and,O
,22-12-1999,date
,requesting,O
,the,O
,Government,O
,to,O
,increase,O
,the,O
,number,O
,of,O
,wards,O
,from,O
,50,O
,to,O
,55,O
,so,O
,as,O
,to,O
,remove,O
,the,O
,disparity,O
,of,O
,Voters,O
,in,O
,different,O
,"wards,",O
,which,O
,varies,O
,from,O
,2000,O
,to,O
,"20,000",O
,.,O
Sentence 201,The,O
,request,O
,of,O
,the,O
,Mayor,O
,was,O
,not,O
,considered,O
,.,O
Sentence 202,"Therefore,",O
,they,O
,pray,O
,for,O
,a,O
,direction,O
,to,O
,the,O
,respondents,O
,to,O
,make,O
,reservation,O
,of,O
,seats,O
,for,O
,members,O
,belonging,O
,to,O
,backward,O
,classes,O
,in,O
,Vijayawada,B-loc
,Municipal,B-org
,Corporation,B-org
,with,O
,reference,O
,to,O
,the,O
,largest,O
,percentage,O
,of,O
,the,O
,population,O
,of,O
,the,O
,said,O
,category,O
,to,O
,the,O
,total,O
,population,O
,of,O
,the,O
,ward,O
,in,O
,the,O
,descending,O
,order,O
,and,O
,also,O
,to,O
,remove,O
,the,O
,disparity,O
,of,O
,voters,O
,in,O
,the,O
,ward,O
,which,O
,should,O
,be,O
,fixed,O
,at,O
,55,O
,as,O
,requested,O
,by,O
,the,O
,Mayor,O
,of,O
,the,O
,"Corporation,",O
,.,O
,.,O
,.,O
,27,O
,.,O
Sentence 203,The,O
,counter-affidavit,O
,filed,O
,by,O
,the,O
,first,O
,"respondent,",O
,while,O
,referring,O
,to,O
,the,O
,various,O
,constitutional,O
,provisions,O
,in,O
,Part,O
,IXA,O
,of,O
,the,O
,Constitution,O
,as,O
,well,O
,as,O
,the,O
,statutory,O
,"rules,",O
,justifies,O
,the,O
,reservation,O
,for,O
,backward,O
,classes,O
,based,O
,on,O
,the,O
,figures,O
,gathered,O
,by,O
,the,O
,B,O
,.,O
,C,O
,.,O
,Corporation,O
,.,O
Sentence 204,The,O
,other,O
,contentions,O
,in,O
,the,O
,counter,O
,are,O
,common,O
,to,O
,the,O
,counters,O
,filed,O
,in,O
,other,O
,cases,O
,.,O
,.,O
,.,O
,Contentions,O
,and,O
,Submissions:,O
,.,O
,.,O
,28,O
,.,O
,Sri,O
,E,O
,.,O
,"Manohar,",B-per
,Sri,O
,S,O
,.,O
Sentence 205,Venkata,B-per
,"Reddy,",B-per
,Sri,O
,M,O
,.,O
,S,O
,.,O
,K,O
,.,O
,"Sastry,",B-per
,Sri,O
,T,O
,.,O
,Ball,B-per
,"Reddy,",B-per
,learned,O
,senior,O
,Advocates,O
,and,O
,Sri,O
,E,O
,.,O
,Ella,B-per
,"Reddy,",B-per
,senior,O
,member,O
,of,O
,the,O
,"Bar,",O
,ably,O
,represented,O
,the,O
,petitioners,O
,.,O
Sentence 206,The,O
,other,O
,learned,O
,Counsel,O
,whose,O
,assistance,O
,is,O
,of,O
,no,O
,less,O
,significant,O
,are,O
,M/s,O
,.,O
,K,O
,.,O
,S,O
,.,O
,"Murlhy,",B-per
,R,O
,.,O
,Raghunandan,B-per
,"Rao,",B-per
,S,O
,.,O
,Niranjan,B-per
,"Reddy,",B-per
,A,O
,.,O
,V,O
,.,O
,Sesha,B-per
,"Sai,",B-per
,N,O
,.,O
,Vasudeva,B-per
,Reddy,B-per
,and,O
,P,O
,.,O
,Raghavendra,B-per
,Reddy,B-per
,.,O
Sentence 207,The,O
,State,O
,Government,O
,presented,O
,a,O
,formidable,O
,defence,O
,through,O
,the,O
,learned,O
,"Advocate-General,",O
,Sri,O
,Venkata,B-per
,"Ramanaiah,",B-per
,assisted,O
,by,O
,Sri,O
,M,O
,.,O
\,Rama,B-per
,"Rao,",B-per
,learned,O
,Government,O
,Pleader,O
,for,O
,Municipal,B-org
,Administration,B-org
,.,O
Sentence 208,All,O
,the,O
,learned,O
,Counsel,O
,deserve,O
,the,O
,gratitude,O
,of,O
,this,O
,Court,B-court
,.,O
Sentence 209,The,O
,rival,O
,contentions,O
,of,O
,the,O
,petitioners,O
,and,O
,the,O
,respondents,O
,are,O
,as,O
,under,O
,.,O
,.,O
,.,O
,29,O
,.,O
Sentence 210,Sri,O
,E,O
,.,O
,Ella,B-per
,Reddy,B-per
,submilted,O
,that,O
,in,O
,view,O
,of,O
,the,O
,judgment,B-judge
,of,O
,the,O
,Full,O
,Bench,O
,of,O
,this,O
,Court,B-court
,in,O
,Satyanarayana,B-per
,Reddy,B-per
,case,O
,(supra),O
,the,O
,survey,O
,conducted,O
,by,O
,the,O
,BC,O
,Corporation,B-org
,is,O
,"defective,",O
,that,O
,the,O
,respondents,O
,have,O
,not,O
,published,O
,the,O
,figures,O
,as,O
,directed,O
,by,O
,the,O
,Full,O
,Bench,O
,"and,",O
,"therefore,",O
,placing,O
,reliance,O
,on,O
,those,O
,figures,O
,and,O
,reserving,O
,the,O
,office,O
,of,O
,Chairperson,O
,of,O
,Jaggaiahpet,B-loc
,Municipality,B-org
,is,O
,unsustainable,O
,.,O
,.,O
,.,O
,30,O
,.,O
Sentence 211,Sri,O
,E,O
,.,O
,"Manohar,",B-per
,the,O
,learned,O
,Senior,O
,Counsel,O
,attacked,O
,Rule,O
,9,O
,of,O
,Chairperson,O
,Rules,O
,and,O
,Rule,O
,9,O
,of,O
,A,O
,.,O
,P,O
,.,O
,Municipalities,B-org
,Ward,O
,Rules,O
,as,O
,being,O
,violative,O
,of,O
,Article,O
,14,O
,of,O
,the,O
,Constitution,O
,.,O
Sentence 212,He,O
,also,O
,submits,O
,that,O
,G,O
,.,O
,O,O
,.,O
,Ms,O
,.,O
,No,O
,.,O
,"71,",O
,dated,O
,5-2-2000,date
,specifying,O
,the,O
,number,O
,of,O
,offices,O
,of,O
,Chairpersons,O
,reserved,O
,for,O
,members,O
,belonging,O
,to,O
,SCs,O
,.,O
,",",O
,STs,O
,.,O
,",",O
,BCs,O
,.,O
,and,O
,Women,O
,and,O
,determining,O
,and,O
,notifying,O
,67,O
,Municipalities,B-org
,and,O
,Nagar,B-org
,Panchayats,B-org
,in,O
,the,O
,State,O
,as,O
,reserved,O
,for,O
,those,O
,reserved,O
,classes,O
,is,O
,arbitrary,O
,and,O
,illegal,O
,.,O
Sentence 213,Dealing,O
,with,O
,the,O
,validity,O
,of,O
,Rule,O
,9,O
,of,O
,the,O
,Chairperson,O
,"Rules,",O
,the,O
,learned,O
,Counsel,O
,submits,O
,that,O
,for,O
,the,O
,purpose,O
,of,O
,reserving,O
,the,O
,offices,O
,of,O
,Chairpersons,O
,for,O
,members,O
,belonging,O
,to,O
,backward,O
,"classes,",O
,the,O
,population,O
,figures,O
,gathered,O
,in,O
,the,O
,socio-economic,O
,survey,O
,conducted,O
,by,O
,the,O
,B,O
,.,O
,C,O
,.,O
,Corporation,B-org
,duly,O
,projected,O
,to,O
,1-3-1991,date
,are,O
,taken,O
,as,O
,the,O
,basis,O
,.,O
Sentence 214,Such,O
,survey,O
,was,O
,not,O
,conducted,O
,on,O
,scientific,O
,basis,O
,in,O
,the,O
,State,O
,or,O
,in,O
,any,O
,wards,O
,of,O
,Tadepalligudem,B-loc
,Municipality,B-org
,.,O
Sentence 215,The,O
,Full,O
,Bench,O
,of,O
,this,O
,Court,B-court
,accepted,O
,this,O
,position,O
,.,O
Sentence 216,If,O
,the,O
,survey,O
,was,O
,conducted,O
,in,O
,various,O
,"wards,",O
,there,O
,would,O
,not,O
,be,O
,any,O
,necessity,O
,for,O
,drawing,O
,lots,O
,for,O
,reserving,O
,the,O
,wards,O
,.,O
Sentence 217,"Further,",O
,it,O
,is,O
,his,O
,submission,O
,that,O
,the,O
,authorities,O
,did,O
,not,O
,publish,O
,any,O
,such,O
,list,O
,in,O
,the,O
,Municipal,B-org
,ward,O
,or,O
,did,O
,not,O
,keep,O
,open,O
,the,O
,data,O
,for,O
,inspection,O
,and,O
,scrutiny,O
,nor,O
,the,O
,officials,O
,made,O
,the,O
,data,O
,available,O
,for,O
,the,O
,public,O
,to,O
,ascertain,O
,whether,O
,the,O
,data,O
,was,O
,correct,O
,or,O
,not,O
,.,O
Sentence 218,Though,O
,the,O
,Full,O
,Bench,O
,of,O
,this,O
,Court,B-court
,held,O
,that,O
,the,O
,survey,O
,conducted,O
,by,O
,the,O
,BC,O
,Corporation,B-org
,was,O
,defective,O
,and,O
,hence,O
,cannot,O
,be,O
,taken,O
,as,O
,disclosing,O
,the,O
,correct,O
,"picture,",O
,the,O
,Court,B-court
,directed,O
,the,O
,Government,O
,and,O
,others,O
,first,O
,to,O
,publish,O
,the,O
,data,O
,collected,O
,by,O
,the,O
,BC,O
,"Corporation,",B-org
,call,O
,for,O
,"objections,",O
,consider,O
,the,O
,objections,B-obj
,and,O
,publish,O
,the,O
,final,O
,figures,O
,.,O
Sentence 219,Such,O
,direction,O
,were,O
,not,O
,at,O
,all,O
,followed,O
,in,O
,the,O
,case,O
,of,O
,Tadepalligudem,B-loc
,Municipality,B-org
,or,O
,elsewhere,O
,in,O
,the,O
,State,O
,.,O
Sentence 220,"Therefore,",O
,the,O
,impugned,O
,G,O
,.,O
,O,O
,.,O
,is,O
,null,O
,and,O
,void,O
,.,O
,.,O
,.,O
,31,O
,.,O
Sentence 221,Dealing,O
,with,O
,vires,O
,of,O
,Rule,O
,9,O
,of,O
,the,O
,Ward,O
,"Rules,",O
,the,O
,learned,O
,senior,O
,Counsel,O
,would,O
,submit,O
,that,O
,the,O
,"rule,",O
,which,O
,says,O
,that,O
,the,O
,reservation,O
,for,O
,wards,O
,for,O
,members,O
,belonging,O
,to,O
,backward,O
,classes,O
,shall,O
,be,O
,decided,O
,by,O
,"lottery,",O
,is,O
,wholly,O
,arbitrary,O
,and,O
,violative,O
,of,O
,Article,O
,14,O
,of,O
,the,O
,Constitution,O
,.,O
Sentence 222,It,O
,is,O
,irrational,O
,to,O
,do,O
,so,O
,as,O
,population,O
,figures,O
,of,O
,backward,O
,classes,O
,are,O
,not,O
,available,O
,ward-wise,O
,in,O
,the,O
,Municipal,B-org
,area,O
,.,O
Sentence 223,The,O
,learned,O
,Counsel,O
,also,O
,relied,O
,on,O
,the,O
,judgment,B-judge
,of,O
,the,O
,Full,O
,Bench,O
,in,O
,Narayana,B-per
,Rao,B-per
,v,O
,.,O
,State,O
,of,O
,A,O
,.,O
,P,O
,.,O
,",",O
,AIR,O
,1987,O
,AP,O
,57,O
,and,O
,Fakniddin,B-per
,case,O
,(supra),O
,.,O
,.,O
,.,O
,32,O
,.,O
Sentence 224,Sri,O
,Ball,B-per
,"Reddy,",B-per
,the,O
,learned,O
,senior,O
,Counsel,O
,while,O
,adopting,O
,the,O
,arguments,O
,of,O
,Sri,O
,E,O
,.,O
,"Manohar,",B-per
,further,O
,submitted,O
,that,O
,though,O
,Vijayawada,B-loc
,municipal,B-org
,Corporation,B-org
,had,O
,figures,O
,for,O
,B,O
,.,O
,C,O
,.,O
,population,O
,for,O
,"1991,",O
,the,O
,same,O
,were,O
,ignored,O
,and,O
,'authority',O
,specified',O
,resorted,O
,to,O
,conducting,O
,lottery,O
,for,O
,the,O
,purpose,O
,of,O
,reservation,O
,of,O
,wards,O
,for,O
,Vijayawada,B-loc
,Municipal,B-org
,Corporation,B-org
,.,O
Sentence 225,When,O
,the,O
,authorities,O
,considered,O
,and,O
,relied,O
,on,O
,the,O
,1991,O
,census,O
,population,O
,figures,O
,for,O
,"SCs,",O
,STs,O
,and,O
,Women,O
,for,O
,the,O
,purpose,O
,of,O
,"reservation,",O
,the,O
,same,O
,method,O
,ought,O
,to,O
,have,O
,been,O
,adopted,O
,while,O
,making,O
,reservation,O
,for,O
,backward,O
,classes,O
,.,O
Sentence 226,In,O
,adopting,O
,a,O
,different,O
,procedure,O
,of,O
,conducting,O
,a,O
,lottery,O
,as,O
,per,O
,Rule,O
,10,O
,of,O
,Corporation,O
,Ward,O
,"Rules,",O
,the,O
,respondents,O
,have,O
,committed,O
,an,O
,illegality,O
,and,O
,the,O
,same,O
,in,O
,unconstitutional,O
,.,O
,.,O
,.,O
,33,O
,.,O
Sentence 227,Sri,O
,S,O
,.,O
,Venkata,B-per
,"Reddy,",B-per
,the,O
,learned,O
,Senior,O
,Counsel,O
,relied,O
,on,O
,the,O
,provisions,O
,of,O
,Articles,O
,"243-P,",O
,"243-Q,",O
,"243-R,",O
,243-T,O
,and,O
,submits,O
,that,O
,as,O
,per,O
,the,O
,Constitution,O
,"scheme,",O
,Nagar,B-org
,"Panchayats,",B-org
,Municipal,B-org
,Councils,B-org
,and,O
,Municipal,B-org
,Corporations,B-org
,are,O
,urban,O
,local,O
,bodies,O
,to,O
,be,O
,treated,O
,as,O
,one,O
,"entity,",O
,that,O
,while,O
,conducting,O
,"elections,",O
,the,O
,Commission,O
,has,O
,issued,O
,two,O
,"notifications,",O
,one,O
,for,O
,conducting,O
,elections,O
,to,O
,Municipal,B-org
,Councils,B-org
,and,O
,another,O
,for,O
,conducting,O
,elections,O
,to,O
,Municipal,B-org
,"Corporations,",B-org
,which,O
,is,O
,not,O
,permissible,O
,under,O
,the,O
,"Constitution,",O
,that,O
,all,O
,the,O
,urban,O
,local,O
,bodies,O
,shall,O
,have,O
,to,O
,be,O
,treated,O
,as,O
,one,O
,homogeneous,O
,unit,O
,for,O
,all,O
,purposes,O
,including,O
,for,O
,the,O
,purpose,O
,of,O
,reservation,O
,of,O
,seats,O
,for,O
,SCs,O
,.,O
,",",O
,STs,O
,.,O
,",",O
,Women,O
,and,O
,Backward,O
,Classes,O
,in,O
,accordance,O
,with,O
,Article,O
,243-T,O
,of,O
,the,O
,Constitution,O
,of,O
,India,B-loc
,.,O
Sentence 228,If,O
,all,O
,the,O
,municipal,B-org
,bodies,O
,in,O
,the,O
,State,O
,are,O
,treated,O
,as,O
,one,O
,unit,O
,and,O
,a,O
,single,O
,notification,O
,is,O
,issued,O
,for,O
,purpose,O
,of,O
,"reservation,",O
,the,O
,office,O
,of,O
,Chairperson,O
,of,O
,Kakinada,B-loc
,Municipality,B-org
,will,O
,be,O
,allotted,O
,to,O
,general,O
,category,O
,and,O
,the,O
,petitioner,O
,being,O
,a,O
,person,O
,belonging,O
,to,O
,general,O
,category,O
,would,O
,not,O
,be,O
,deprived,O
,of,O
,the,O
,right,O
,to,O
,contest,O
,for,O
,the,O
,office,O
,of,O
,Chairperson,O
,.,O
Sentence 229,In,O
,view,O
,of,O
,"this,",O
,it,O
,is,O
,contended,O
,that,O
,Section,O
,14-A,O
,of,O
,the,O
,Corporations,O
,Act,B-act
,and,O
,Section,O
,23(1)(c),O
,of,O
,the,O
,"Act,",B-act
,are,O
,ultra,O
,vires,O
,the,O
,provisions,O
,of,O
,Article,O
,243-P,O
,read,O
,with,O
,Article,O
,243-T(6),O
,of,O
,the,O
,Constitution,O
,.,O
,.,O
,.,O
,34,O
,.,O
Sentence 230,In,O
,Writ,O
,Petition,O
,No,O
,.,O
,2127,O
,of,O
,"2000,",O
,the,O
,petitioner,O
,is,O
,aggrieved,O
,by,O
,the,O
,action,O
,of,O
,the,O
,State,O
,Government,O
,in,O
,reserving,O
,the,O
,office,O
,of,O
,Chairperson,O
,of,O
,Kadiri,B-loc
,Municipality,B-org
,for,O
,Women,O
,(General),O
,.,O
Sentence 231,The,O
,learned,O
,Senior,O
,"Counsel,",O
,Sri,O
,.,O
,M,O
,.,O
,S,O
,.,O
,K,O
,.,O
,"Sastry,",B-per
,appearing,O
,for,O
,the,O
,petitioner,O
,submits,O
,that,O
,if,O
,the,O
,State,O
,is,O
,taken,O
,as,O
,a,O
,"unit,",O
,other,O
,municipalities,B-org
,ought,O
,to,O
,have,O
,been,O
,reserved,O
,for,O
,Women,O
,.,O
Sentence 232,Relying,O
,on,O
,the,O
,women,O
,population,O
,figures,O
,for,O
,about,O
,14,O
,"municipalities,",B-org
,he,O
,submits,O
,that,O
,the,O
,women,O
,population,O
,of,O
,Kadiri,B-loc
,Municipality,B-org
,is,O
,49,O
,.,O
Sentence 233,23%,B-percent
,whereas,O
,in,O
,other,O
,13,O
,"Municipalities,",O
,the,O
,women,O
,population,O
,is,O
,higher,O
,.,O
Sentence 234,Inspite,O
,of,O
,"this,",O
,it,O
,is,O
,"submitted,",O
,the,O
,other,O
,municipalities,O
,were,O
,excluded,O
,and,O
,Kadiri,B-loc
,Municipality,B-org
,was,O
,reserved,O
,for,O
,Women,O
,(General),O
,in,O
,an,O
,arbitrary,O
,and,O
,motivated,O
,manner,O
,.,O
Sentence 235,"Therefore,",O
,he,O
,would,O
,pray,O
,this,O
,Court,B-court
,to,O
,declare,O
,G,O
,.,O
,O,O
,.,O
,Ms,O
,.,O
,No,O
,.,O
,"70,",O
,dated,O
,5-2-2000,date
,and,O
,G,O
,.,O
,O,O
,.,O
,Ms,O
,.,O
,No,O
,.,O
,"71,",O
,dated,O
,5-2-2000,date
,reserving,O
,Kadiri,B-loc
,Municipality,B-org
,in,O
,Anantapur,O
,District,O
,for,O
,Women,O
,(General,O
,as,O
,illegal,O
,and,O
,void,O
,.,O
,35,O
,.,O
Sentence 236,The,O
,other,O
,learned,O
,Counsel,O
,who,O
,appeared,O
,in,O
,other,O
,cases,O
,challenging,O
,the,O
,reservation,O
,of,O
,the,O
,offices,O
,of,O
,Chairpersons,O
,and,O
,Mayors,O
,or,O
,reservation,O
,of,O
,seats,O
,in,O
,the,O
,wards,O
,of,O
,respective,O
,municipalities,B-org
,or,O
,Corporations,O
,have,O
,adopted,O
,the,O
,arguments,O
,of,O
,the,O
,learned,O
,Senior,O
,Counsel,O
,.,O
Sentence 237,In,O
,"addition,",O
,various,O
,learned,O
,Counsel,O
,also,O
,raised,O
,certain,O
,independent,O
,grounds,O
,.,O
Sentence 238,I,O
,will,O
,deal,O
,with,O
,them,O
,at,O
,appropriate,O
,time,O
,.,O
,36,O
,.,O
Sentence 239,Sri,O
,K,O
,.,O
,S,O
,.,O
,"Murthy,",B-per
,learned,O
,Counsel,O
,for,O
,the,O
,petitioner,O
,in,O
,Writ,O
,Petition,O
,No,O
,.,O
,1308,O
,of,O
,2000,O
,submits,O
,that,O
,clause,O
,(6),O
,of,O
,Article,O
,243-T,O
,of,O
,the,O
,Constitution,O
,is,O
,an,O
,enabling,O
,provision,O
,giving,O
,a,O
,constitutional,O
,option,O
,to,O
,the,O
,State,O
,Government,O
,to,O
,lay,O
,down,O
,a,O
,policy,O
,of,O
,affirmative,O
,action,O
,favouring,O
,backward,O
,classes,O
,.,O
Sentence 240,In,O
,such,O
,a,O
,"situation,",O
,there,O
,is,O
,a,O
,duty,O
,to,O
,act,O
,in,O
,a,O
,fair,O
,and,O
,reasonable,O
,manner,O
,and,O
,lay,O
,down,O
,a,O
,policy,O
,whose,O
,implementation,O
,would,O
,have,O
,nexus,O
,with,O
,the,O
,object,O
,to,O
,be,O
,achieved,O
,.,O
Sentence 241,For,O
,doing,O
,"so,",O
,the,O
,State,O
,Government,O
,has,O
,to,O
,depend,O
,on,O
,a,O
,rational,O
,scientific,O
,method,O
,.,O
Sentence 242,When,O
,in,O
,1987,O
,the,O
,reservation,O
,for,O
,BCs,O
,.,O
,",",O
,was,O
,20%,B-percent
,it,O
,is,O
,enhanced,O
,to,O
,one-third,O
,of,O
,the,O
,total,O
,number,O
,of,O
,municipalities,B-org
,without,O
,any,O
,basis,O
,.,O
Sentence 243,The,O
,State,O
,Government,O
,based,O
,its,O
,decision,O
,on,O
,the,O
,socio-economic,O
,survey,O
,conducted,O
,by,O
,the,O
,BC,O
,"Corporation,",B-org
,which,O
,is,O
,not,O
,equipped,O
,to,O
,do,O
,"survey,",O
,and,O
,the,O
,data,O
,collected,O
,by,O
,it,O
,is,O
,most,O
,unscientific,O
,.,O
Sentence 244,Though,O
,a,O
,Full,O
,Bench,O
,of,O
,this,O
,Court,B-court
,pointed,O
,out,O
,the,O
,defects,O
,and,O
,indicated,O
,the,O
,procedure,O
,for,O
,publishing,O
,final,O
,"figures,",O
,the,O
,State,O
,authorities,B-org
,and,O
,Municipal,B-org
,authorities,B-org
,have,O
,not,O
,rectified,O
,the,O
,defects,O
,pointed,O
,out,O
,by,O
,this,O
,Court,B-court
,.,O
Sentence 245,"Therefore,",O
,any,O
,publication,O
,of,O
,the,O
,final,O
,figures,O
,would,O
,be,O
,invalid,O
,as,O
,they,O
,were,O
,not,O
,furnished,O
,to,O
,political,O
,parties,O
,and,O
,the,O
,State,O
,Government,O
,did,O
,not,O
,make,O
,them,O
,available,O
,for,O
,sale,O
,.,O
Sentence 246,The,O
,learned,O
,Counsel,O
,has,O
,also,O
,contended,O
,that,O
,the,O
,method,O
,of,O
,conducting,O
,lottery,O
,for,O
,the,O
,purpose,O
,of,O
,allotting,O
,seats,O
,for,O
,reserved,O
,classes,O
,is,O
,contrary,O
,to,O
,the,O
,dicta,O
,in,O
,Faknuidin,B-per
,case,O
,(supra),O
,.,O
,37,O
,.,O
Sentence 247,In,O
,Writ,O
,Petition,O
,Nos,O
,.,O
,1992,O
,and,O
,2126,O
,of,O
,"2000,",O
,the,O
,reservation,O
,of,O
,the,O
,office,O
,of,O
,Chairperson,O
,for,O
,BC,O
,(women),O
,is,O
,under,O
,challenge,O
,.,O
Sentence 248,In,O
,the,O
,latter,O
,writ,O
,"petition,",O
,the,O
,challenge,O
,is,O
,also,O
,as,O
,to,O
,the,O
,method,O
,of,O
,allotment,O
,of,O
,seats,O
,for,O
,reserved,O
,classes,O
,by,O
,conducting,O
,lottery,O
,.,O
Sentence 249,The,O
,main,O
,submission,O
,in,O
,these,O
,two,O
,writ,O
,petitions,O
,as,O
,canvassed,O
,by,O
,Sri,O
,S,O
,.,O
,Niranjan,B-per
,"Reddy,",B-per
,Sri,O
,N,O
,.,O
,Vasudeva,B-per
,"Reddy,",B-per
,respectively,O
,is,O
,that,O
,the,O
,BC,O
,population,O
,of,O
,Tanduru,B-loc
,Municipality,B-org
,in,O
,Ranga,B-per
,Reddy,B-per
,District,O
,is,O
,"18,859",O
,(41,O
,.,O
,43%),B-percent
,whereas,O
,in,O
,"Vikarabad,",B-loc
,the,O
,percentage,O
,of,O
,BC,O
,population,O
,is,O
,34,O
,.,O
,65%,B-percent
,"and,",O
,"therefore,",O
,reserving,O
,the,O
,office,O
,of,O
,Chairperson,O
,of,O
,Vikarabad,B-loc
,in,O
,favour,O
,of,O
,BC,O
,(women),O
,is,O
,illegal,O
,and,O
,arbitrary,O
,.,O
Sentence 250,It,O
,is,O
,also,O
,their,O
,submission,O
,that,O
,the,O
,office,O
,of,O
,Chairperson,O
,of,O
,Vikarabad,B-loc
,Municipality,B-org
,was,O
,already,O
,reserved,O
,in,O
,the,O
,earlier,O
,election,O
,"and,",O
,"therefore,",O
,in,O
,accordance,O
,with,O
,Rule,O
,7,O
,of,O
,the,O
,Chairperson,O
,"Rules,",O
,as,O
,amended,O
,by,O
,G,O
,.,O
,O,O
,.,O
,Ms,O
,.,O
,No,O
,.,O
,"26,",O
,dated,O
,"17-1-2000,",date
,Vikarabad,B-loc
,again,O
,cannot,O
,be,O
,reserved,O
,for,O
,B,O
,.,O
,C,O
,.,O
,(women),O
,38,O
,.,O
Sentence 251,In,O
,Writ,O
,Petition,O
,No,O
,.,O
,1720,O
,of,O
,"2000,",O
,argued,O
,by,O
,the,O
,learned,O
,"Counsel,",O
,Sri,O
,R,O
,.,O
,Raghunandana,B-per
,Rao,B-per
,and,O
,Writ,O
,Petition,O
,No,O
,.,O
,2077,O
,of,O
,2000,O
,argued,O
,by,O
,learned,O
,Counsel,O
,Sri,O
,.,O
,A,O
,.,O
,V,O
,.,O
,Sesha,B-per
,"Sai,",B-per
,a,O
,question,O
,is,O
,raised,O
,to,O
,the,O
,affect,O
,that,O
,the,O
,"""creamy",O
,layer',O
,among,O
,the,O
,backward,O
,classes,O
,are,O
,also,O
,conferred,O
,the,O
,benefit,O
,of,O
,reservation,O
,in,O
,the,O
,elections,O
,for,O
,the,O
,offices,O
,of,O
,the,O
,Chairpersons,O
,as,O
,well,O
,as,O
,the,O
,wards,O
,"and,",O
,"therefore,",O
,without,O
,excluding,O
,the,O
,persons,O
,falling,O
,within,O
,the,O
,'creamy,O
,layer',O
,among,O
,the,O
,reserved,O
,"classes,",O
,there,O
,cannot,O
,be,O
,an,O
,effective,O
,reservation,O
,contemplated,O
,under,O
,clause,O
,(6),O
,of,O
,Article,O
,243-T,O
,of,O
,the,O
,Constitution,O
,.,O
Sentence 252,In,O
,support,O
,of,O
,"this,",O
,the,O
,petitioners,O
,relied,O
,on,O
,the,O
,judgment,B-judge
,of,O
,the,O
,Supreme Court,B-court
,in,O
,Indra,O
,Sawhney,B-per
,case,O
,(supra),O
,.,O
,39,O
,.,O
Sentence 253,All,O
,the,O
,learned,O
,Counsel,O
,for,O
,petitioners,O
,relied,O
,on,O
,three,O
,Full,O
,Bench,O
,decisions,B-dec
,of,O
,this,O
,Court,O
,and,O
,other,O
,decisions,B-dec
,of,O
,(he,O
,Supreme Court,B-court
,40,O
,.,O
Sentence 254,The,O
,submissions,O
,of,O
,the,O
,learned,O
,Advocate,O
,General,O
,are,O
,as,O
,follows,O
,.,O
Sentence 255,All,O
,the,O
,writ,O
,petitions,O
,challenge,O
,the,O
,law,O
,or,O
,notifications,O
,issued,O
,dealing,O
,with,O
,'delimitation,O
,of,O
,constituencies',O
,.,O
Sentence 256,The,O
,writ,O
,petitions,O
,also,O
,challenge,O
,the,O
,notifications,O
,dealing,O
,with,O
,allotment,O
,of,O
,seats,O
,to,O
,constituencies/wards,O
,.,O
Sentence 257,"Therefore,",O
,clause,O
,(a),O
,of,O
,Article,O
,243-ZG,O
,bars,O
,the,O
,jurisdiction,O
,of,O
,this,O
,Court,B-court
,under,O
,Article,O
,226,O
,of,O
,the,O
,Constitution,O
,.,O
Sentence 258,The,O
,taw,O
,referred,O
,to,O
,in,O
,clause,O
,(6),O
,of,O
,Article,O
,243-T,O
,is,O
,only,O
,the,O
,law,O
,relating,O
,to,O
,delimitation,O
,of,O
,constituencies,O
,and,O
,hence,O
,there,O
,is,O
,a,O
,total,O
,embargo,O
,for,O
,this,O
,Court,B-court
,to,O
,go,O
,into,O
,the,O
,validity,O
,of,O
,law,O
,or,O
,the,O
,validity,O
,of,O
,Rules,O
,made,O
,in,O
,exercise,O
,of,O
,powers,O
,conferred,O
,under,O
,the,O
,law,O
,.,O
Sentence 259,It,O
,is,O
,also,O
,the,O
,submission,O
,that,O
,Rules,O
,"6,",O
,"7,",O
,8,O
,and,O
,9,O
,of,O
,Ward,O
,Rules,O
,do,O
,not,O
,create,O
,new,O
,constituencies,O
,.,O
Sentence 260,The,O
,parent,O
,law,O
,and,O
,the,O
,Rules,O
,provide,O
,that,O
,one-third,O
,of,O
,wards,O
,be,O
,reserved,O
,for,O
,backward,O
,classes,O
,.,O
Sentence 261,In,O
,so,O
,"doing,",O
,the,O
,right,O
,of,O
,franchise,O
,and,O
,the,O
,democratic,O
,nature,O
,of,O
,the,O
,Municipal,B-org
,institution,O
,are,O
,not,O
,affected,O
,.,O
Sentence 262,In,O
,view,O
,of,O
,"this,",O
,the,O
,method,O
,of,O
,'drawal,O
,by,O
,lots',O
,for,O
,reservation,O
,of,O
,wards,O
,is,O
,a,O
,rational,O
,method,O
,that,O
,is,O
,also,O
,recognised,O
,by,O
,clauses,O
,(1),O
,and,O
,(3),O
,of,O
,Article,O
,243-T,O
,of,O
,the,O
,Constitution,O
,.,O
Sentence 263,A,O
,loltery,O
,in,O
,the,O
,usual,O
,sense,O
,is,O
,not,O
,resorted,O
,to,O
,.,O
Sentence 264,After,O
,arranging,O
,the,O
,wards,O
,depending,O
,on,O
,the,O
,ward-wise,O
,population,O
,in,O
,descending,O
,"order,",O
,the,O
,reserved,O
,wards,O
,are,O
,to,O
,be,O
,rotated,O
,once,O
,every,O
,time,O
,the,O
,election,O
,is,O
,conducted,O
,and,O
,for,O
,that,O
,purpose,O
,of,O
,choosing,O
,the,O
,required,O
,number,O
,of,O
,reserved,O
,wards,O
,for,O
,BCs,O
,.,O
,",",O
,the,O
,same,O
,is,O
,done,O
,by,O
,drawal,O
,of,O
,lots,O
,.,O
Sentence 265,Such,O
,a,O
,method,O
,is,O
,not,O
,lottery,O
,in,O
,the,O
,usual,O
,sense,O
,or,O
,legal,O
,sense,O
,.,O
Sentence 266,The,O
,method,O
,of,O
,'drawal,O
,of,O
,lots',O
,is,O
,transparent,O
,and,O
,is,O
,in,O
,the,O
,presence,O
,of,O
,the,O
,elected,O
,representatives,O
,and,O
,other,O
,persons,O
,interested,O
,to,O
,reserve,O
,a,O
,particular,O
,ward,O
,or,O
,wards,O
,during,O
,a,O
,particular,O
,"election,",O
,The,O
,reservation,O
,of,O
,a,O
,particular,O
,ward,O
,for,O
,BCs,O
,.,O
,",",O
,during,O
,the,O
,elections,O
,in,O
,a,O
,given,O
,year,O
,.,O
,.,O
,is,O
,not,O
,a,O
,permanent,O
,feature,O
,and,O
,it,O
,is,O
,variable,O
,.,O
Sentence 267,"Therefore,",O
,this,O
,is,O
,not,O
,a,O
,lottery,O
,in,O
,the,O
,usual,O
,sense,O
,.,O
Sentence 268,Clause,O
,(b),O
,of,O
,Article,O
,243-ZG,O
,creates,O
,rights,O
,and,O
,provides,O
,for,O
,adjudication,O
,by,O
,a,O
,special,O
,Tribunal,O
,to,O
,the,O
,exclusion,O
,of,O
,all,O
,courts,B-court
,including,O
,the,O
,High Courts,B-court
,"and,",O
,"therefore,",O
,when,O
,there,O
,is,O
,an,O
,effective,O
,alternative,O
,"remedy,",O
,the,O
,writ,O
,petitions,O
,cannot,O
,be,O
,entertained,O
,.,O
,.,O
,.,O
,41,O
,.,O
Sentence 269,The,O
,power,O
,of,O
,judicial,O
,review,O
,under,O
,Article,O
,226,O
,of,O
,the,O
,"Constitution,",O
,it,O
,is,O
,"urged,",O
,in,O
,matters,O
,of,O
,'policy,O
,of,O
,affirmative,O
,action',O
,is,O
,restricted,O
,to,O
,the,O
,examination,O
,whether,O
,there,O
,is,O
,some,O
,relevant,O
,material,O
,before,O
,the,O
,Government,O
,to,O
,support,O
,such,O
,policy,O
,.,O
Sentence 270,While,O
,inviting,O
,attention,O
,to,O
,various,O
,provisions,O
,of,O
,Part,O
,IX-A,O
,of,O
,the,O
,"Constitution,",O
,and,O
,the,O
,history,O
,of,O
,the,O
,Legislation,O
,dealing,O
,with,O
,the,O
,Municipalities,B-org
,and,O
,Municipal,B-org
,Corporations,B-org
,especially,O
,the,O
,provisions,O
,of,O
,these,O
,two,O
,laws,O
,providing,O
,for,O
,"reservation,",O
,it,O
,is,O
,submitted,O
,that,O
,reservation,O
,of,O
,constituencies,O
,and,O
,seats,O
,in,O
,municipalities,B-org
,is,O
,mandatory,O
,requirement,O
,of,O
,the,O
,Constitution,O
,.,O
Sentence 271,Clause,O
,(6),O
,of,O
,Article,O
,243-T,O
,is,O
,not,O
,only,O
,enabling,O
,provision,O
,but,O
,it,O
,is,O
,a,O
,provision,O
,empowering,O
,the,O
,State,O
,Legislature,O
,to,O
,make,O
,any,O
,provision,O
,for,O
,reservation,O
,of,O
,seats,O
,in,O
,any,O
,municipality,B-org
,for,O
,offices,O
,of,O
,Chairpersons,O
,in,O
,favour,O
,of,O
,backward,O
,class,O
,citizens,O
,in,O
,accordance,O
,with,O
,the,O
,scheme,O
,of,O
,the,O
,Constitution,O
,as,O
,envisaged,O
,in,O
,clauses,O
,(1),O
,to,O
,(5),O
,of,O
,Article,O
,243-T,O
,of,O
,the,O
,Constitution,O
,.,O
,.,O
,.,O
,42,O
,.,O
Sentence 273,The,O
,learned,O
,Advocate-General,O
,also,O
,invited,O
,attention,O
,of,O
,the,O
,Court,B-court
,to,O
,the,O
,counter,O
,affidavit,O
,filed,O
,in,O
,WP,O
,No,O
,.,O
,2013,O
,of,O
,2000,O
,and,O
,submitted,O
,that,O
,in,O
,1987,O
,for,O
,the,O
,first,O
,time,O
,20%,B-percent
,of,O
,total,O
,number,O
,of,O
,offices,O
,were,O
,reserved,O
,for,O
,BC,O
,citizens,O
,in,O
,furtherance,O
,of,O
,legislative,O
,policy,O
,of,O
,the,O
,State,O
,.,O
Sentence 274,While,O
,the,O
,number,O
,of,O
,offices,O
,to,O
,various,O
,categories,O
,can,O
,be,O
,decided,O
,with,O
,reference,O
,to,O
,the,O
,number,O
,of,O
,offices,O
,of,O
,Chairpersons,O
,in,O
,the,O
,"State,",O
,the,O
,reservation,O
,was,O
,made,O
,with,O
,reference,O
,to,O
,largest,O
,percentage,O
,of,O
,population,O
,of,O
,the,O
,said,O
,category,O
,to,O
,the,O
,total,O
,population,O
,of,O
,the,O
,Municipality,B-org
,in,O
,the,O
,descending,O
,order,O
,.,O
Sentence 275,Though,O
,the,O
,population,O
,census,O
,of,O
,1991,O
,is,O
,available,O
,for,O
,SC,O
,.,O
,",",O
,ST,O
,.,O
,",",O
,and,O
,"Women,",O
,the,O
,population,O
,figures,O
,for,O
,BCs,O
,.,O
,",",O
,is,O
,not,O
,available,O
,with,O
,reference,O
,to,O
,1991,O
,census,O
,.,O
Sentence 276,"Therefore,",O
,the,O
,BC,O
,population,O
,figures,O
,gathered,O
,by,O
,the,O
,BC,O
,Corporation,B-org
,during,O
,the,O
,survey,O
,from,O
,1-1-1984,date
,to,O
,31-12-1986,date
,were,O
,relied,O
,on,O
,as,O
,for,O
,the,O
,purpose,O
,of,O
,reservation,O
,to,O
,offices,O
,of,O
,Chairpersons,O
,in,O
,Municipal,B-org
,elections,O
,.,O
Sentence 277,A,O
,similar,O
,provision,O
,was,O
,also,O
,made,O
,in,O
,the,O
,rules,O
,taking,O
,into,O
,consideration,O
,the,O
,BC,O
,population,O
,figures,O
,gathered,O
,by,O
,the,O
,BC,O
,Corporation,B-org
,and,O
,projected,O
,to,O
,1-3-1991,date
,by,O
,the,O
,Bureau,O
,of,O
,Economics,O
,and,O
,Statistics,O
,.,O
Sentence 277,Such,O
,a,O
,method,O
,of,O
,determining,O
,the,O
,population,O
,figures,O
,is,O
,rational,O
,and,O
,a,O
,recognised,O
,one,O
,.,O
Sentence 278,This,O
,is,O
,not,O
,contrary,O
,to,O
,the,O
,dicta,O
,of,O
,the,O
,Full,O
,Bench,O
,of,O
,this,O
,Court,B-court
,in,O
,Satyanarayana,B-per
,Reddy,B-per
,case,O
,as,O
,the,O
,Court,B-court
,also,O
,directed,O
,to,O
,publish,O
,the,O
,"figures,",O
,invite,O
,objections,B-obj
,and,O
,then,O
,publish,O
,the,O
,final,O
,figures,O
,for,O
,the,O
,purpose,O
,of,O
,reservation,O
,.,O
Sentence 279,The,O
,Government,O
,issued,O
,G,O
,.,O
,O,O
,.,O
,Ms,O
,.,O
,No,O
,.,O
,"34,",O
,dated,O
,3-2-1995,date
,indicating,O
,the,O
,guidelines,O
,to,O
,be,O
,followed,O
,by,O
,all,O
,the,O
,District,O
,Collectors,O
,in,O
,the,O
,matter,O
,of,O
,publication,O
,of,O
,final,O
,figures,O
,ofBC,O
,population,O
,.,O
Sentence 280,All,O
,the,O
,respective,O
,District,O
,Collectors,O
,concerning,O
,the,O
,various,O
,Municipalities,B-org
,insofar,O
,as,O
,these,O
,cases,O
,are,O
,concerned,O
,have,O
,published,O
,the,O
,final,O
,notifications,O
,in,O
,the,O
,District,O
,Gazette,B-loc
,even,O
,before,O
,the,O
,elections,O
,were,O
,held,O
,in,O
,"March,",O
,1995,O
,.,O
Sentence 281,The,O
,same,O
,figures,O
,also,O
,form,O
,the,O
,basis,O
,for,O
,the,O
,purpose,O
,of,O
,reservation,O
,of,O
,offices,O
,of,O
,Chairpersons,O
,under,O
,the,O
,Chairperson,O
,Rules,O
,and,O
,for,O
,the,O
,purpose,O
,of,O
,reservation,O
,of,O
,wards/seats,O
,under,O
,the,O
,Ward,O
,Rules,O
,for,O
,elections,O
,in,O
,2000,O
,AD,O
,.,O
,.,O
,.,O
,43,O
,.,O
Sentence 282,The,O
,learned,O
,Advocate-General,O
,alternatively,O
,submitted,O
,that,O
,absence,O
,of,O
,census,O
,data,O
,or,O
,survey,O
,data,O
,does,O
,not,O
,preclude,O
,or,O
,prevent,O
,the,O
,Legislature,O
,of,O
,a,O
,State,O
,from,O
,making,O
,a,O
,law,O
,for,O
,reservation,O
,of,O
,offices,O
,and,O
,seats,O
,for,O
,backward,O
,class,O
,citizens,O
,.,O
Sentence 283,The,O
,Legislature,O
,cannot,O
,wait,O
,till,O
,census,O
,figures,O
,are,O
,"published,",O
,as,O
,democracy,O
,cannot,O
,be,O
,kept,O
,in,O
,abeyance,O
,waiting,O
,for,O
,a,O
,demographic,O
,study,O
,.,O
,.,O
,.,O
Sentence 284,As,O
,long,O
,as,O
,there,O
,is,O
,data,O
,gathered,O
,by,O
,the,O
,State,O
,Government,O
,from,O
,any,O
,or,O
,different,O
,sources,O
,and,O
,the,O
,same,O
,is,O
,"relevant,",O
,the,O
,'sufficiency,O
,or,O
,insufficiency',O
,of,O
,such,O
,data,O
,is,O
,not,O
,justiciable,O
,before,O
,this,O
,Court,B-court
,.,O
Sentence 285,In,O
,matters,O
,of,O
,reservation,O
,and,O
,implementation,O
,of,O
,a,O
,policy,O
,of,O
,affirmative,O
,"action,",O
,it,O
,is,O
,submitted,O
,that,O
,'the,O
,rule,O
,of,O
,strict,O
,scrutiny',O
,by,O
,the,O
,Court,B-court
,is,O
,out,O
,of,O
,place,O
,.,O
Sentence 286,The,O
,learned,O
,Advocate-General,O
,also,O
,relied,O
,on,O
,the,O
,various,O
,observations,O
,made,O
,by,O
,the,O
,Full,O
,Bench,O
,of,O
,this,O
,Court,B-court
,in,O
,Narayaiia,B-per
,Rao,B-per
,"case,",O
,Satyanarayana,B-per
,Reddy,B-per
,case,O
,and,O
,Fakruddin,B-per
,case,O
,(supra),O
,besides,O
,relying,O
,on,O
,various,O
,judgments,B-judge
,of,O
,the,O
,Apex,O
,Court,B-court
,.,O
,.,O
,.,O
,44,O
,.,O
Sentence 287,In,O
,rely,O
,to,O
,the,O
,submissions,O
,made,O
,by,O
,the,O
,learned,O
,"Advocate-General,",O
,Sri,O
,E,O
,.,O
,"Manohar,",B-per
,Sri,O
,Ella,B-per
,"Reddy,",B-per
,Sri,O
,K,O
,.,O
,S,O
,.,O
,Murthy,B-per
,and,O
,Sri,O
,Raghunandana,B-per
,Rao,B-per
,and,O
,others,O
,would,O
,contend,O
,that,O
,the,O
,phrase,O
,"""in",O
,any,O
,"Court""",B-court
,appearing,O
,in,O
,Clause,O
,(a),O
,of,O
,Article,O
,243-/G,O
,of,O
,the,O
,Constitution,O
,should,O
,be,O
,taken,O
,to,O
,mean,O
,any,O
,other,O
,Court,O
,not,O
,including,O
,the,O
,High Court,B-court
,exercising,O
,the,O
,power,O
,of,O
,judicial,O
,review,O
,which,O
,is,O
,the,O
,'basic,O
,feature',O
,of,O
,the,O
,Constitution,O
,.,O
Sentence 288,In,O
,support,O
,of,O
,"this,",O
,reliance,O
,is,O
,placed,O
,on,O
,Fakruddin,B-per
,case,O
,which,O
,dealt,O
,with,O
,the,O
,scope,O
,of,O
,Clause,O
,(b),O
,of,O
,Article,O
,243-O,O
,of,O
,Part,O
,IX,O
,of,O
,the,O
,Constitution,O
,which,O
,is,O
,in,O
,pari,O
,materia,O
,with,O
,clause,O
,(b),O
,of,O
,Article,O
,243-ZG,O
,of,O
,the,O
,Constitution,O
,.,O
Sentence 289,The,O
,learned,O
,Counsel,O
,also,O
,submit,O
,that,O
,when,O
,the,O
,Full,O
,Bench,O
,of,O
,this,O
,Court,B-court
,in,O
,Narayana,B-per
,Rao,B-per
,case,O
,(supra),O
,found,O
,fault,O
,with,O
,the,O
,report,O
,of,O
,the,O
,Muralidhar,B-per
,Rao,B-per
,commission,O
,insofar,O
,as,O
,the,O
,same,O
,arrived,O
,at,O
,the,O
,backward,O
,class,O
,population,O
,figure,O
,at,O
,52%,O
,and,O
,when,O
,the,O
,Full,O
,Bench,O
,in,O
,Satyanarayana,O
,Reddy,O
,case,O
,(supra),O
,found,O
,the,O
,survey,O
,conducted,O
,by,O
,the,O
,BC,O
,Corporation,O
,"defective,",O
,it,O
,is,O
,arbitrary,O
,and,O
,illegal,O
,to,O
,rely,O
,on,O
,the,O
,same,O
,for,O
,the,O
,purpose,O
,of,O
,reserving,O
,one-third,O
,of,O
,the,O
,total,O
,number,O
,of,O
,municipalities,B-org
,for,O
,backward,O
,classes,O
,.,O
Sentence 290,It,O
,is,O
,also,O
,the,O
,submission,O
,of,O
,Sri,O
,K,O
,.,O
,S,O
,.,O
,"Murthy,",B-per
,learned,O
,Counsel,O
,for,O
,the,O
,Petitioner,O
,in,O
,Writ,O
,Petition,O
,No,O
,.,O
,I308,O
,of,O
,2000,O
,that,O
,a,O
,reading,O
,of,O
,the,O
,Circular,O
,issued,O
,by,O
,the,O
,Commissioner,O
,&,O
,.,O
,.,O
,Director,O
,of,O
,Municipal,B-org
,Administration,B-org
,dated,O
,20-1-2000,O
,shows,O
,that,O
,as,O
,the,O
,ward-wise,O
,population,O
,figures,O
,for,O
,BC,O
,population,O
,are,O
,not,O
,"available,",O
,the,O
,method,O
,of,O
,reservation,O
,by,O
,drawal,O
,of,O
,lots,O
,is,O
,adopted,O
,.,O
